Workbook
Name __KDX3: [0]!__KDX3
Name __TTT1: #REF!
Name _A3: {#N/A,#N/A,FALSE,"단축1";#N/A,#N/A,FALSE,"단축2";#N/A,#N/A,FALSE,"단축3";#N/A,#N/A,FALSE,"장축";#N/A,#N/A,FALSE,"4WD"}
Name _KDX3: [0]!_KDX3
Name _Regression_Int: 1
Name _TCG04: [0]!_TCG04
Name _TTT1: #REF!
Name \a: #N/A
Name \b: #N/A
Name \z: #N/A
Name √: "SQRT"
Name a: '[1]5-1차수정'!#REF!
Name AAA: #REF!
Name AAAA: [0]!AAAA
Name AAAAA: [0]!AAAAA
Name AAAAAA: [0]!AAAAAA
Name AAAAAAAAA: [0]!AAAAAAAAA
Name AS: [0]!AS
Name ASDF: [0]!ASDF
Name ASDS: [0]!ASDS
Name btnReturn_click: [2]!btnReturn_click
Name btnReturn_click: [2]!btnReturn_click
Name btnReturn_click: [2]!btnReturn_click
Name btnReturn_click: [2]!btnReturn_click
Name btnReturn_click: [2]!btnReturn_click
Name btnReturn_click: [2]!btnReturn_click
Name btnReturn_click: [2]!btnReturn_click
Name btw_01: #REF!,#REF!,#REF!,#REF!,#REF!,#REF!,#REF!,#REF!,#REF!
Name btw_03: #REF!,#REF!,#REF!,#REF!,#REF!
Name CCCC: [0]!CCCC
Name EFSD: [0]!EFSD
Name FC: [0]!FC
Name FC_00: 0
Name FC_01: 70700
Name FC_02: 74700
Name FC_03: 76300
Name FC_04: 77700
Name FC_05: 78200
Name FC_06: 78300
Name FC_07: 3900+79200
Name FC_99: 0
Name FC현황: [0]!FC현황
Name FO_00: 56900
Name FO_01: 60800
Name FO_02: 68700
Name FO_03: 70200
Name FO_04: 69200
Name FO_05: 36300
Name FO_06: 0
Name FO_07: 0
Name FO_99: 23700
Name H: "Text 853"
Name HK: [0]!HK
Name HOCHING: [0]!HOCHING
Name IMPORT: #REF!
Name KJH: [0]!KJH
Name KK: [0]!KK
Name LANOS: #REF!
Name LC_00: 281000
Name LC_01: 258000

Sheet 파싱용
A1: 구분 | B1: 모델 | C1: 자재관리코드 | D1: 품명 | E1: 기능 및 용도 | F1: 소요량 | G1: 구매처 | H1: 비고
A2: 신조 | B2: HiNAS Navigation | C2: ='BOM_(신조) HiNAS Nav'!B11 -> SM0001 | D2: ='BOM_(신조) HiNAS Nav'!C11 -> Monitor | E2: ='BOM_(신조) HiNAS Nav'!E11 -> 27인치 모니터 | F2: ='BOM_(신조) HiNAS Nav'!I11 -> 1 | G2: ='BOM_(신조) HiNAS Nav'!M11 -> MRC/테트라다인 | H2: ='BOM_(신조) HiNAS Nav'!O11 -> RCU, RCU cable, RS485 cable, bracket 포함 | K2: 구 분 | L2: 완제품 코드 | M2: 구분 | N2: 모델 | P2: HiNAS 제품 시리얼 넘버 형식
C3: ='BOM_(신조) HiNAS Nav'!B12 -> SS0001 | D3: ='BOM_(신조) HiNAS Nav'!C12 -> Server | E3: ='BOM_(신조) HiNAS Nav'!E12 -> 메인 서버 | F3: ='BOM_(신조) HiNAS Nav'!I12 -> 1 | G3: ='BOM_(신조) HiNAS Nav'!M12 -> 테트라다인 | H3: ='BOM_(신조) HiNAS Nav'!O12 -> - | K3: 대형상선용 | L3: NS | M3: 신조 | N3: HiNAS Navigation | P3: 형식 | Q3: 완제품 코드-서버 납품연도-일련번호
C4: ='BOM_(신조) HiNAS Nav'!B13 -> SZ0013 | D4: ='BOM_(신조) HiNAS Nav'!C13 -> Trackball Mouse | E4: ='BOM_(신조) HiNAS Nav'!E13 -> 마우스 | F4: ='BOM_(신조) HiNAS Nav'!I13 -> 2 | G4: ='BOM_(신조) HiNAS Nav'!M13 -> 쿠팡 | H4: ='BOM_(신조) HiNAS Nav'!O13 -> - | L4: ND | M4: 신조 | N4: HiNAS Navigation DOM | P4: 서버 납품연도 | Q4: 26 (2026년)
C5: ='BOM_(신조) HiNAS Nav'!B14 -> SC0004 | D5: ='BOM_(신조) HiNAS Nav'!C14 -> NAS camera housing | E5: ='BOM_(신조) HiNAS Nav'!E14 -> 하우징 | F5: ='BOM_(신조) HiNAS Nav'!I14 -> 1 | G5: ='BOM_(신조) HiNAS Nav'!M14 -> MRC | H5: ='BOM_(신조) HiNAS Nav'!O14 -> - | L5: NB | M5: 신조 | N5: HiNAS Navigation DOM/ HiNAS SVM | P5: 일련번호 | Q5: 0001 부터 시작, 순차 증가
C6: ='BOM_(신조) HiNAS Nav'!B15 -> SC0010 | D6: ='BOM_(신조) HiNAS Nav'!C15 -> EO Camera | E6: ='BOM_(신조) HiNAS Nav'!E15 -> 광학 카메라(4K) | F6: ='BOM_(신조) HiNAS Nav'!I15 -> 3 | G6: ='BOM_(신조) HiNAS Nav'!M15 -> 사이더스/e-con | H6: ='BOM_(신조) HiNAS Nav'!O15 -> w. GMSL cable | L6: MS | M6: 신조 | N6: HiNAS Control | P6: 제품 코드 | Q6: BOM 기준
C7: ='BOM_(신조) HiNAS Nav'!B16 -> SC0002 | D7: ='BOM_(신조) HiNAS Nav'!C16 -> IR camera | E7: ='BOM_(신조) HiNAS Nav'!E16 -> 열화상 카메라 | F7: ='BOM_(신조) HiNAS Nav'!I16 -> 3 | G7: ='BOM_(신조) HiNAS Nav'!M16 -> IRKEN/FLIR | H7: ='BOM_(신조) HiNAS Nav'!O16 -> w. VPC KIT | L7: MD | M7: 신조 | N7: HiNAS Control/ HiNAS Navigation DOM
C8: ='BOM_(신조) HiNAS Nav'!B17 -> SC0003 | D8: ='BOM_(신조) HiNAS Nav'!C17 -> IR camera window | E8: ='BOM_(신조) HiNAS Nav'!E17 -> 열화상 카메라 윈도우 | F8: ='BOM_(신조) HiNAS Nav'!I17 -> 3 | G8: ='BOM_(신조) HiNAS Nav'!M17 -> 센서캠 | H8: ='BOM_(신조) HiNAS Nav'!O17 -> 1세대 용 (직경 42mm) | L8: MB | M8: 신조 | N8: HiNAS Control 2.0
C9: ='BOM_(신조) HiNAS Nav'!B18 -> SC0005 | D9: ='BOM_(신조) HiNAS Nav'!C18 -> NAS junction box | E9: ='BOM_(신조) HiNAS Nav'!E18 -> 정션박스 | F9: ='BOM_(신조) HiNAS Nav'!I18 -> 1 | G9: ='BOM_(신조) HiNAS Nav'!M18 -> MRC | H9: ='BOM_(신조) HiNAS Nav'!O18 -> - | L9: BS | M9: 신조 | N9: HiNAS SVM
C10: ='BOM_(신조) HiNAS Nav'!B19 -> SS0003 | D10: ='BOM_(신조) HiNAS Nav'!C19 -> Single Board Computer | E10: ='BOM_(신조) HiNAS Nav'!E19 -> 카메라와 서버 연동 | F10: ='BOM_(신조) HiNAS Nav'!I19 -> 1 | G10: ='BOM_(신조) HiNAS Nav'!M19 -> 사이더스/e-con | H10: ='BOM_(신조) HiNAS Nav'!O19 -> - | L10: BD | M10: 신조 | N10: HiNAS SVM/ HiNAS Navigation DOM
C11: ='BOM_(신조) HiNAS Nav'!B20 -> SZ0012 | D11: ='BOM_(신조) HiNAS Nav'!C20 -> SMPS | E11: ='BOM_(신조) HiNAS Nav'!E20 -> Single Board Computer 전원 공급 | F11: ='BOM_(신조) HiNAS Nav'!I20 -> 1 | G11: ='BOM_(신조) HiNAS Nav'!M20 -> 파워캅 | H11: ='BOM_(신조) HiNAS Nav'!O20 -> - | L11: RMS | M11: 개조 | N11: HiNAS Control
C12: ='BOM_(신조) HiNAS Nav'!B21 -> SZ0014 | D12: ='BOM_(신조) HiNAS Nav'!C21 -> EMI/EMC filter | E12: ='BOM_(신조) HiNAS Nav'!E21 -> 정션박스 전자파 차폐용 | F12: ='BOM_(신조) HiNAS Nav'!I21 -> 1 | G12: ='BOM_(신조) HiNAS Nav'!M21 -> 오키 | H12: ='BOM_(신조) HiNAS Nav'!O21 -> - | L12: RMB | M12: 개조 | N12: HiNAS Control/ HiNAS SVM
C13: ='BOM_(신조) HiNAS Nav'!B22 -> SB0002 | D13: ='BOM_(신조) HiNAS Nav'!C22 -> Network switch | E13: ='BOM_(신조) HiNAS Nav'!E22 -> 허브 (선급인증품) | F13: ='BOM_(신조) HiNAS Nav'!I22 -> 1 | G13: ='BOM_(신조) HiNAS Nav'!M22 -> 여의시스템 | H13: ='BOM_(신조) HiNAS Nav'!O22 -> - | L13: RBS | M13: 개조 | N13: HiNAS SVM
C14: ='BOM_(신조) HiNAS Nav'!B23 -> SE0003 | D14: ='BOM_(신조) HiNAS Nav'!C23 -> UPS | E14: ='BOM_(신조) HiNAS Nav'!E23 -> 1kVA, 무정전 전원 공급, Stand type | F14: ='BOM_(신조) HiNAS Nav'!I23 -> 1 | G14: ='BOM_(신조) HiNAS Nav'!M23 -> 기호티이에스 | H14: ='BOM_(신조) HiNAS Nav'!O23 -> 마린필터, network card, 케이블 포함
C15: ='BOM_(신조) HiNAS Nav'!B24 -> SZ0019 | D15: ='BOM_(신조) HiNAS Nav'!C24 -> 멀티탭 | E15: ='BOM_(신조) HiNAS Nav'!E24 -> UPS용 | F15: ='BOM_(신조) HiNAS Nav'!I24 -> 2 | G15: ='BOM_(신조) HiNAS Nav'!M24 -> 쿠팡 | H15: ='BOM_(신조) HiNAS Nav'!O24 -> -
C16: ='BOM_(신조) HiNAS Nav'!B25 -> SZ0020 | D16: ='BOM_(신조) HiNAS Nav'!C25 -> C13-C14(MALE) | E16: ='BOM_(신조) HiNAS Nav'!E25 -> UPS용 | F16: ='BOM_(신조) HiNAS Nav'!I25 -> 3 | G16: ='BOM_(신조) HiNAS Nav'!M25 -> 한주전자 | H16: ='BOM_(신조) HiNAS Nav'!O25 -> -
A17: 신조 | B17: HiNAS Navigation DOM | C17: ='BOM_(신조) HiNAS Nav DOM'!B11 -> SM0002 | D17: ='BOM_(신조) HiNAS Nav DOM'!C11 -> Monitor | E17: ='BOM_(신조) HiNAS Nav DOM'!E11 -> DOM 58.4인치 모니터 | F17: ='BOM_(신조) HiNAS Nav DOM'!I11 -> 1 | G17: ='BOM_(신조) HiNAS Nav DOM'!M11 -> MRC/테트라다인 | H17: ='BOM_(신조) HiNAS Nav DOM'!O11 -> RCU, RCU cable, RS485 cable, bracket 포함
C18: ='BOM_(신조) HiNAS Nav DOM'!B12 -> SS0001 | D18: ='BOM_(신조) HiNAS Nav DOM'!C12 -> Server | E18: ='BOM_(신조) HiNAS Nav DOM'!E12 -> 메인 서버 | F18: ='BOM_(신조) HiNAS Nav DOM'!I12 -> 1 | G18: ='BOM_(신조) HiNAS Nav DOM'!M12 -> 테트라다인 | H18: ='BOM_(신조) HiNAS Nav DOM'!O12 -> -
C19: ='BOM_(신조) HiNAS Nav DOM'!B13 -> SZ0013 | D19: ='BOM_(신조) HiNAS Nav DOM'!C13 -> Trackball Mouse | E19: ='BOM_(신조) HiNAS Nav DOM'!E13 -> 마우스 | F19: ='BOM_(신조) HiNAS Nav DOM'!I13 -> 2 | G19: ='BOM_(신조) HiNAS Nav DOM'!M13 -> 쿠팡 | H19: ='BOM_(신조) HiNAS Nav DOM'!O13 -> -
C20: ='BOM_(신조) HiNAS Nav DOM'!B14 -> SB0004 | D20: ='BOM_(신조) HiNAS Nav DOM'!C14 -> Firewall | E20: ='BOM_(신조) HiNAS Nav DOM'!E14 -> 방화벽 (선급인증품) | F20: ='BOM_(신조) HiNAS Nav DOM'!I14 -> 1 | G20: ='BOM_(신조) HiNAS Nav DOM'!M14 -> MRC | H20: ='BOM_(신조) HiNAS Nav DOM'!O14 -> -
C21: ='BOM_(신조) HiNAS Nav DOM'!B15 -> SB0002 | D21: ='BOM_(신조) HiNAS Nav DOM'!C15 -> Network switch | E21: ='BOM_(신조) HiNAS Nav DOM'!E15 -> 허브 (선급인증품) | F21: ='BOM_(신조) HiNAS Nav DOM'!I15 -> 1 | G21: ='BOM_(신조) HiNAS Nav DOM'!M15 -> 여의시스템 | H21: ='BOM_(신조) HiNAS Nav DOM'!O15 -> -
C22: ='BOM_(신조) HiNAS Nav DOM'!B16 -> SC0004 | D22: ='BOM_(신조) HiNAS Nav DOM'!C16 -> NAS camera housing | E22: ='BOM_(신조) HiNAS Nav DOM'!E16 -> 하우징 | F22: ='BOM_(신조) HiNAS Nav DOM'!I16 -> 1 | G22: ='BOM_(신조) HiNAS Nav DOM'!M16 -> MRC | H22: ='BOM_(신조) HiNAS Nav DOM'!O16 -> -
C23: ='BOM_(신조) HiNAS Nav DOM'!B17 -> SC0010 | D23: ='BOM_(신조) HiNAS Nav DOM'!C17 -> EO Camera | E23: ='BOM_(신조) HiNAS Nav DOM'!E17 -> 광학 카메라(4K) | F23: ='BOM_(신조) HiNAS Nav DOM'!I17 -> 3 | G23: ='BOM_(신조) HiNAS Nav DOM'!M17 -> 사이더스/e-con | H23: ='BOM_(신조) HiNAS Nav DOM'!O17 -> w. GMSL cable
C24: ='BOM_(신조) HiNAS Nav DOM'!B18 -> SC0002 | D24: ='BOM_(신조) HiNAS Nav DOM'!C18 -> IR camera | E24: ='BOM_(신조) HiNAS Nav DOM'!E18 -> 열화상 카메라 | F24: ='BOM_(신조) HiNAS Nav DOM'!I18 -> 3 | G24: ='BOM_(신조) HiNAS Nav DOM'!M18 -> IRKEN/FLIR | H24: ='BOM_(신조) HiNAS Nav DOM'!O18 -> w. VPC KIT
C25: ='BOM_(신조) HiNAS Nav DOM'!B19 -> SC0003 | D25: ='BOM_(신조) HiNAS Nav DOM'!C19 -> IR camera window | E25: ='BOM_(신조) HiNAS Nav DOM'!E19 -> 열화상 카메라 윈도우 | F25: ='BOM_(신조) HiNAS Nav DOM'!I19 -> 3 | G25: ='BOM_(신조) HiNAS Nav DOM'!M19 -> 센서캠 | H25: ='BOM_(신조) HiNAS Nav DOM'!O19 -> 1세대 용 (직경 42mm)
C26: ='BOM_(신조) HiNAS Nav DOM'!B20 -> SC0005 | D26: ='BOM_(신조) HiNAS Nav DOM'!C20 -> NAS junction box | E26: ='BOM_(신조) HiNAS Nav DOM'!E20 -> 정션박스 | F26: ='BOM_(신조) HiNAS Nav DOM'!I20 -> 1 | G26: ='BOM_(신조) HiNAS Nav DOM'!M20 -> MRC | H26: ='BOM_(신조) HiNAS Nav DOM'!O20 -> -
C27: ='BOM_(신조) HiNAS Nav DOM'!B21 -> SS0003 | D27: ='BOM_(신조) HiNAS Nav DOM'!C21 -> Single Board Computer | E27: ='BOM_(신조) HiNAS Nav DOM'!E21 -> 카메라와 서버 연동 | F27: ='BOM_(신조) HiNAS Nav DOM'!I21 -> 1 | G27: ='BOM_(신조) HiNAS Nav DOM'!M21 -> 사이더스/e-con | H27: ='BOM_(신조) HiNAS Nav DOM'!O21 -> -
C28: ='BOM_(신조) HiNAS Nav DOM'!B22 -> SZ0012 | D28: ='BOM_(신조) HiNAS Nav DOM'!C22 -> SMPS | E28: ='BOM_(신조) HiNAS Nav DOM'!E22 -> Single Board Computer 전원 공급 | F28: ='BOM_(신조) HiNAS Nav DOM'!I22 -> 1 | G28: ='BOM_(신조) HiNAS Nav DOM'!M22 -> 파워캅 | H28: ='BOM_(신조) HiNAS Nav DOM'!O22 -> -
C29: ='BOM_(신조) HiNAS Nav DOM'!B23 -> SZ0014 | D29: ='BOM_(신조) HiNAS Nav DOM'!C23 -> EMI/EMC filter | E29: ='BOM_(신조) HiNAS Nav DOM'!E23 -> 정션박스 전자파 차폐용 | F29: ='BOM_(신조) HiNAS Nav DOM'!I23 -> 1 | G29: ='BOM_(신조) HiNAS Nav DOM'!M23 -> 오키 | H29: ='BOM_(신조) HiNAS Nav DOM'!O23 -> -
... C32: ='BOM_(신조) HiNAS Nav DOM'!B26 -> SZ0020 | D32: ='BOM_(신조) HiNAS Nav DOM'!C26 -> C13-C14(MALE) | E32: ='BOM_(신조) HiNAS Nav DOM'!E26 -> UPS용 | F32: ='BOM_(신조) HiNAS Nav DOM'!I26 -> 3 | G32: ='BOM_(신조) HiNAS Nav DOM'!M26 -> 한주전자 | H32: ='BOM_(신조) HiNAS Nav DOM'!O26 -> -
A33: 신조 | B33: HiNAS Control | C33: ='BOM_(신조) HiNAS Control'!B11 -> SM0002 | D33: ='BOM_(신조) HiNAS Control'!C11 -> Monitor | E33: ='BOM_(신조) HiNAS Control'!E11 -> DOM 58.4인치 모니터 | F33: ='BOM_(신조) HiNAS Control'!I11 -> 1 | G33: ='BOM_(신조) HiNAS Control'!M11 -> MRC/테트라다인 | H33: ='BOM_(신조) HiNAS Control'!O11 -> RCU, RCU cable, RS485 cable, bracket 포함
C34: ='BOM_(신조) HiNAS Control'!B12 -> SM0003 | D34: ='BOM_(신조) HiNAS Control'!C12 -> Monitor | E34: ='BOM_(신조) HiNAS Control'!E12 -> 32인치 모니터 | F34: ='BOM_(신조) HiNAS Control'!I12 -> 1 | G34: ='BOM_(신조) HiNAS Control'!M12 -> MRC/테트라다인 | H34: ='BOM_(신조) HiNAS Control'!O12 -> RCU, RCU cable, RS485 cable, bracket 포함
C35: ='BOM_(신조) HiNAS Control'!B13 -> SS0001 | D35: ='BOM_(신조) HiNAS Control'!C13 -> Server | E35: ='BOM_(신조) HiNAS Control'!E13 -> 메인 서버 | F35: ='BOM_(신조) HiNAS Control'!I13 -> 2 | G35: ='BOM_(신조) HiNAS Control'!M13 -> 테트라다인 | H35: ='BOM_(신조) HiNAS Control'!O13 -> -
C36: ='BOM_(신조) HiNAS Control'!B14 -> SS0002 | D36: ='BOM_(신조) HiNAS Control'!C14 -> Client | E36: ='BOM_(신조) HiNAS Control'!E14 -> 클라이언트 서버 | F36: ='BOM_(신조) HiNAS Control'!I14 -> 2 | G36: ='BOM_(신조) HiNAS Control'!M14 -> 테트라다인 | H36: ='BOM_(신조) HiNAS Control'!O14 -> -
C37: ='BOM_(신조) HiNAS Control'!B15 -> SZ0006 | D37: ='BOM_(신조) HiNAS Control'!C15 -> Keyboard with trackball | E37: ='BOM_(신조) HiNAS Control'!E15 -> 선급인증품 | F37: ='BOM_(신조) HiNAS Control'!I15 -> 2 | G37: ='BOM_(신조) HiNAS Control'!M15 -> 피앤피컴포넌츠 | H37: ='BOM_(신조) HiNAS Control'!O15 -> panel mount / flush type
C38: ='BOM_(신조) HiNAS Control'!B16 -> SC0004 | D38: ='BOM_(신조) HiNAS Control'!C16 -> NAS camera housing | E38: ='BOM_(신조) HiNAS Control'!E16 -> 하우징 | F38: ='BOM_(신조) HiNAS Control'!I16 -> 1 | G38: ='BOM_(신조) HiNAS Control'!M16 -> MRC | H38: ='BOM_(신조) HiNAS Control'!O16 -> -
C39: ='BOM_(신조) HiNAS Control'!B17 -> SC0010 | D39: ='BOM_(신조) HiNAS Control'!C17 -> EO Camera | E39: ='BOM_(신조) HiNAS Control'!E17 -> 광학 카메라(4K) | F39: ='BOM_(신조) HiNAS Control'!I17 -> 3 | G39: ='BOM_(신조) HiNAS Control'!M17 -> 사이더스/e-con | H39: ='BOM_(신조) HiNAS Control'!O17 -> w. GMSL cable
C40: ='BOM_(신조) HiNAS Control'!B18 -> SC0002 | D40: ='BOM_(신조) HiNAS Control'!C18 -> IR camera | E40: ='BOM_(신조) HiNAS Control'!E18 -> 열화상 카메라 | F40: ='BOM_(신조) HiNAS Control'!I18 -> 3 | G40: ='BOM_(신조) HiNAS Control'!M18 -> IRKEN/FLIR | H40: ='BOM_(신조) HiNAS Control'!O18 -> w. VPC KIT
C41: ='BOM_(신조) HiNAS Control'!B19 -> SC0003 | D41: ='BOM_(신조) HiNAS Control'!C19 -> IR camera window | E41: ='BOM_(신조) HiNAS Control'!E19 -> 열화상 카메라 윈도우 | F41: ='BOM_(신조) HiNAS Control'!I19 -> 3 | G41: ='BOM_(신조) HiNAS Control'!M19 -> 센서캠 | H41: ='BOM_(신조) HiNAS Control'!O19 -> 1세대 용 (직경 42mm)
C42: ='BOM_(신조) HiNAS Control'!B20 -> SC0005 | D42: ='BOM_(신조) HiNAS Control'!C20 -> NAS junction box | E42: ='BOM_(신조) HiNAS Control'!E20 -> 정션박스 | F42: ='BOM_(신조) HiNAS Control'!I20 -> 1 | G42: ='BOM_(신조) HiNAS Control'!M20 -> MRC | H42: ='BOM_(신조) HiNAS Control'!O20 -> -
C43: ='BOM_(신조) HiNAS Control'!B21 -> SS0003 | D43: ='BOM_(신조) HiNAS Control'!C21 -> Single Board Computer | E43: ='BOM_(신조) HiNAS Control'!E21 -> 카메라와 서버 연동 | F43: ='BOM_(신조) HiNAS Control'!I21 -> 1 | G43: ='BOM_(신조) HiNAS Control'!M21 -> 사이더스/e-con | H43: ='BOM_(신조) HiNAS Control'!O21 -> -
C44: ='BOM_(신조) HiNAS Control'!B22 -> SZ0012 | D44: ='BOM_(신조) HiNAS Control'!C22 -> SMPS | E44: ='BOM_(신조) HiNAS Control'!E22 -> Single Board Computer 전원 공급 | F44: ='BOM_(신조) HiNAS Control'!I22 -> 1 | G44: ='BOM_(신조) HiNAS Control'!M22 -> 파워캅 | H44: ='BOM_(신조) HiNAS Control'!O22 -> -
C45: ='BOM_(신조) HiNAS Control'!B23 -> SZ0014 | D45: ='BOM_(신조) HiNAS Control'!C23 -> EMI/EMC filter | E45: ='BOM_(신조) HiNAS Control'!E23 -> 정션박스 전자파 차폐용 | F45: ='BOM_(신조) HiNAS Control'!I23 -> 1 | G45: ='BOM_(신조) HiNAS Control'!M23 -> 오키 | H45: ='BOM_(신조) HiNAS Control'!O23 -> -
... C54: ='BOM_(신조) HiNAS Control'!B32 -> SZ0020 | D54: ='BOM_(신조) HiNAS Control'!C32 -> C13-C14(MALE) | E54: ='BOM_(신조) HiNAS Control'!E32 -> UPS용 | F54: ='BOM_(신조) HiNAS Control'!I32 -> 3 | G54: ='BOM_(신조) HiNAS Control'!M32 -> 한주전자 | H54: ='BOM_(신조) HiNAS Control'!O32 -> -
A55: 신조 | B55: HiNAS Control 2.0 | C55: ='BOM_(신조) HiNAS Con V2'!B11 -> SM0002 | D55: ='BOM_(신조) HiNAS Con V2'!C11 -> Monitor | E55: ='BOM_(신조) HiNAS Con V2'!E11 -> DOM 58.4인치 모니터 | F55: ='BOM_(신조) HiNAS Con V2'!I11 -> 1 | G55: ='BOM_(신조) HiNAS Con V2'!M11 -> MRC/테트라다인 | H55: ='BOM_(신조) HiNAS Con V2'!O11 -> RCU, RCU cable, RS485 cable, bracket 포함
C56: ='BOM_(신조) HiNAS Con V2'!B12 -> SM0003 | D56: ='BOM_(신조) HiNAS Con V2'!C12 -> Monitor | E56: ='BOM_(신조) HiNAS Con V2'!E12 -> 32인치 모니터 | F56: ='BOM_(신조) HiNAS Con V2'!I12 -> 1 | G56: ='BOM_(신조) HiNAS Con V2'!M12 -> MRC/테트라다인 | H56: ='BOM_(신조) HiNAS Con V2'!O12 -> RCU, RCU cable, RS485 cable, bracket 포함
C57: ='BOM_(신조) HiNAS Con V2'!B13 -> SS0001 | D57: ='BOM_(신조) HiNAS Con V2'!C13 -> Server | E57: ='BOM_(신조) HiNAS Con V2'!E13 -> 메인 서버 | F57: ='BOM_(신조) HiNAS Con V2'!I13 -> 2 | G57: ='BOM_(신조) HiNAS Con V2'!M13 -> 테트라다인 | H57: ='BOM_(신조) HiNAS Con V2'!O13 -> -
C58: ='BOM_(신조) HiNAS Con V2'!B14 -> SS0002 | D58: ='BOM_(신조) HiNAS Con V2'!C14 -> Client | E58: ='BOM_(신조) HiNAS Con V2'!E14 -> 클라이언트 서버 | F58: ='BOM_(신조) HiNAS Con V2'!I14 -> 2 | G58: ='BOM_(신조) HiNAS Con V2'!M14 -> 테트라다인 | H58: ='BOM_(신조) HiNAS Con V2'!O14 -> -
C59: ='BOM_(신조) HiNAS Con V2'!B15 -> SZ0006 | D59: ='BOM_(신조) HiNAS Con V2'!C15 -> Keyboard with trackball | E59: ='BOM_(신조) HiNAS Con V2'!E15 -> 선급인증품 | F59: ='BOM_(신조) HiNAS Con V2'!I15 -> 2 | G59: ='BOM_(신조) HiNAS Con V2'!M15 -> 피앤피컴포넌츠 | H59: ='BOM_(신조) HiNAS Con V2'!O15 -> panel mount / flush type
C60: ='BOM_(신조) HiNAS Con V2'!B16 -> SC0020 | D60: ='BOM_(신조) HiNAS Con V2'!C16 -> NAS camera housing | E60: ='BOM_(신조) HiNAS Con V2'!E16 -> 하우징 | F60: ='BOM_(신조) HiNAS Con V2'!I16 -> 1 | G60: ='BOM_(신조) HiNAS Con V2'!M16 -> MRC | H60: ='BOM_(신조) HiNAS Con V2'!O16 -> -
C61: ='BOM_(신조) HiNAS Con V2'!B17 -> SC0016 | D61: ='BOM_(신조) HiNAS Con V2'!C17 -> NAS Camera housing cable | E61: ='BOM_(신조) HiNAS Con V2'!E17 -> 2세대 카메라하우징 케이블 | F61: ='BOM_(신조) HiNAS Con V2'!I17 -> 6 | G61: ='BOM_(신조) HiNAS Con V2'!M17 -> 미림테크놀러지 | H61: ='BOM_(신조) HiNAS Con V2'!O17 -> -
C62: ='BOM_(신조) HiNAS Con V2'!B18 -> SC0018 | D62: ='BOM_(신조) HiNAS Con V2'!C18 -> EO Camera | E62: ='BOM_(신조) HiNAS Con V2'!E18 -> 광학 카메라(4K) | F62: ='BOM_(신조) HiNAS Con V2'!I18 -> 1 | G62: ='BOM_(신조) HiNAS Con V2'!M18 -> 아르게스마린 | H62: ='BOM_(신조) HiNAS Con V2'!O18 -> w. IR Ip-board, EO glass, Receptacle harness, Waterproof cap
C63: ='BOM_(신조) HiNAS Con V2'!B19 -> SC0002 | D63: ='BOM_(신조) HiNAS Con V2'!C19 -> IR camera | E63: ='BOM_(신조) HiNAS Con V2'!E19 -> 열화상 카메라 | F63: ='BOM_(신조) HiNAS Con V2'!I19 -> 3 | G63: ='BOM_(신조) HiNAS Con V2'!M19 -> IRKEN/FLIR | H63: ='BOM_(신조) HiNAS Con V2'!O19 -> w. VPC KIT
C64: ='BOM_(신조) HiNAS Con V2'!B20 -> SC0019 | D64: ='BOM_(신조) HiNAS Con V2'!C20 -> IR camera window | E64: ='BOM_(신조) HiNAS Con V2'!E20 -> 열화상 카메라 윈도우 | F64: ='BOM_(신조) HiNAS Con V2'!I20 -> 3 | G64: ='BOM_(신조) HiNAS Con V2'!M20 -> 센서캠 | H64: ='BOM_(신조) HiNAS Con V2'!O20 -> 2세대 용 (직경 45mm)
C65: ='BOM_(신조) HiNAS Con V2'!B21 -> SZ0007 | D65: ='BOM_(신조) HiNAS Con V2'!C21 -> Main rack | E65: ='BOM_(신조) HiNAS Con V2'!E21 -> 서버/HUB 등 설치용 Rack | F65: ='BOM_(신조) HiNAS Con V2'!I21 -> 1 | G65: ='BOM_(신조) HiNAS Con V2'!M21 -> MRC | H65: ='BOM_(신조) HiNAS Con V2'!O21 -> -
C66: ='BOM_(신조) HiNAS Con V2'!B22 -> SB0002 | D66: ='BOM_(신조) HiNAS Con V2'!C22 -> Network switch | E66: ='BOM_(신조) HiNAS Con V2'!E22 -> 허브 (선급인증품) | F66: ='BOM_(신조) HiNAS Con V2'!I22 -> 2 | G66: ='BOM_(신조) HiNAS Con V2'!M22 -> 여의시스템 | H66: ='BOM_(신조) HiNAS Con V2'!O22 -> -
C67: ='BOM_(신조) HiNAS Con V2'!B23 -> SB0006 | D67: ='BOM_(신조) HiNAS Con V2'!C23 -> Serial to Ethernet | E67: ='BOM_(신조) HiNAS Con V2'!E23 -> 시리얼 통신을 LAN으로 변환 | F67: ='BOM_(신조) HiNAS Con V2'!I23 -> 2 | G67: ='BOM_(신조) HiNAS Con V2'!M23 -> 여의시스템 | H67: ='BOM_(신조) HiNAS Con V2'!O23 -> -
... C75: ='BOM_(신조) HiNAS Con V2'!B31 -> SB0025 | D75: ='BOM_(신조) HiNAS Con V2'!C31 -> UNO2-PS-1AC-24DC-240W | E75: ='BOM_(신조) HiNAS Con V2'!E31 -> POE SWITCH 용 240W 파워 서플라이 | F75: ='BOM_(신조) HiNAS Con V2'!I31 -> 1 | G75: ='BOM_(신조) HiNAS Con V2'!M31 -> 세종전자 | H75: ='BOM_(신조) HiNAS Con V2'!O31 -> 0
A76: 신조 | B76: HiNAS SVM | C76: ='BOM_(신조) HiNAS SVM'!B11 -> SM0001 | D76: ='BOM_(신조) HiNAS SVM'!C11 -> Monitor | E76: ='BOM_(신조) HiNAS SVM'!E11 -> 27인치 모니터 | F76: ='BOM_(신조) HiNAS SVM'!I11 -> 1 | G76: ='BOM_(신조) HiNAS SVM'!M11 -> MRC/테트라다인 | H76: ='BOM_(신조) HiNAS SVM'!O11 -> RCU, RCU cable, RS485 cable, bracket 포함
C77: ='BOM_(신조) HiNAS SVM'!B12 -> SS0001 | D77: ='BOM_(신조) HiNAS SVM'!C12 -> Server | E77: ='BOM_(신조) HiNAS SVM'!E12 -> 메인 서버 | F77: ='BOM_(신조) HiNAS SVM'!I12 -> 1 | G77: ='BOM_(신조) HiNAS SVM'!M12 -> 테트라다인 | H77: ='BOM_(신조) HiNAS SVM'!O12 -> -
C78: ='BOM_(신조) HiNAS SVM'!B13 -> SC0006 | D78: ='BOM_(신조) HiNAS SVM'!C13 -> IP camera | E78: ='BOM_(신조) HiNAS SVM'!E13 -> 카메라 | F78: ='BOM_(신조) HiNAS SVM'!I13 -> 6 | G78: ='BOM_(신조) HiNAS SVM'!M13 -> 아르게스마린 | H78: ='BOM_(신조) HiNAS SVM'!O13 -> -
C79: ='BOM_(신조) HiNAS SVM'!B14 -> SB0022 | D79: ='BOM_(신조) HiNAS SVM'!C14 -> Network PoE Switch | E79: ='BOM_(신조) HiNAS SVM'!E14 -> IP 카메라에 전원 공급 | F79: ='BOM_(신조) HiNAS SVM'!I14 -> 1 | G79: ='BOM_(신조) HiNAS SVM'!M14 -> 여의시스템 | H79: ='BOM_(신조) HiNAS SVM'!O14 -> -
C80: ='BOM_(신조) HiNAS SVM'!B15 -> SB0002 | D80: ='BOM_(신조) HiNAS SVM'!C15 -> Network switch | E80: ='BOM_(신조) HiNAS SVM'!E15 -> 허브 (선급인증품) | F80: ='BOM_(신조) HiNAS SVM'!I15 -> 1 | G80: ='BOM_(신조) HiNAS SVM'!M15 -> 여의시스템 | H80: ='BOM_(신조) HiNAS SVM'!O15 -> -
C81: ='BOM_(신조) HiNAS SVM'!B16 -> SZ0017 | D81: ='BOM_(신조) HiNAS SVM'!C16 -> Junction Box | E81: ='BOM_(신조) HiNAS SVM'!E16 -> PoE Extender 용 | F81: ='BOM_(신조) HiNAS SVM'!I16 -> 1 | G81: ='BOM_(신조) HiNAS SVM'!M16 -> MRC | H81: ='BOM_(신조) HiNAS SVM'!O16 -> 명판 포함
C82: ='BOM_(신조) HiNAS SVM'!B17 -> SB0021 | D82: ='BOM_(신조) HiNAS SVM'!C17 -> PoE-Extender | E82: ='BOM_(신조) HiNAS SVM'!E17 -> LAN 통신 거리 연장 | F82: ='BOM_(신조) HiNAS SVM'!I17 -> 1 | G82: ='BOM_(신조) HiNAS SVM'!M17 -> 아르게스마린 | H82: ='BOM_(신조) HiNAS SVM'!O17 -> -
C83: ='BOM_(신조) HiNAS SVM'!B18 -> SB0014 | D83: ='BOM_(신조) HiNAS SVM'!C18 -> UNO2-PS-1AC-48DC-240W | E83: ='BOM_(신조) HiNAS SVM'!E18 -> PoE HUB용 240W 파워 서플라이 | F83: ='BOM_(신조) HiNAS SVM'!I18 -> 2 | G83: ='BOM_(신조) HiNAS SVM'!M18 -> 세종전자 | H83: ='BOM_(신조) HiNAS SVM'!O18 -> -
C84: ='BOM_(신조) HiNAS SVM'!B19 -> SZ0002 | D84: ='BOM_(신조) HiNAS SVM'!C19 -> Junction Box | E84: ='BOM_(신조) HiNAS SVM'!E19 -> LRP Injector용 | F84: ='BOM_(신조) HiNAS SVM'!I19 -> 5 | G84: ='BOM_(신조) HiNAS SVM'!M19 -> MRC | H84: ='BOM_(신조) HiNAS SVM'!O19 -> 명판 포함
C85: ='BOM_(신조) HiNAS SVM'!B20 -> SZ0010 | D85: ='BOM_(신조) HiNAS SVM'!C20 -> Junction Box | E85: ='BOM_(신조) HiNAS SVM'!E20 -> LRP Extender용 | F85: ='BOM_(신조) HiNAS SVM'!I20 -> 5 | G85: ='BOM_(신조) HiNAS SVM'!M20 -> MRC | H85: ='BOM_(신조) HiNAS SVM'!O20 -> 명판 포함
C86: ='BOM_(신조) HiNAS SVM'!B21 -> SB0008 | D86: ='BOM_(신조) HiNAS SVM'!C21 -> LRP | E86: ='BOM_(신조) HiNAS SVM'!E21 -> LAN 통신 거리 연장 및 전원공급 | F86: ='BOM_(신조) HiNAS SVM'!I21 -> 5 | G86: ='BOM_(신조) HiNAS SVM'!M21 -> 제씨테크 | H86: ='BOM_(신조) HiNAS SVM'!O21 -> w. SMPS
C87: ='BOM_(신조) HiNAS SVM'!B22 -> SB0015 | D87: ='BOM_(신조) HiNAS SVM'!C22 -> UNO-PS-1AC-48DC-60W | E87: ='BOM_(신조) HiNAS SVM'!E22 -> LRP용 60W 파워 서플라이 | F87: ='BOM_(신조) HiNAS SVM'!I22 -> 6 | G87: ='BOM_(신조) HiNAS SVM'!M22 -> 세종전자 | H87: ='BOM_(신조) HiNAS SVM'!O22 -> -
C88: ='BOM_(신조) HiNAS SVM'!B23 -> SZ0021 | D88: ='BOM_(신조) HiNAS SVM'!C23 -> 24V SMPS | E88: ='BOM_(신조) HiNAS SVM'!E23 -> Network Switch, Serial to Ethernet용 | F88: ='BOM_(신조) HiNAS SVM'!I23 -> 1 | G88: ='BOM_(신조) HiNAS SVM'!M23 -> 쿠팡 | H88: ='BOM_(신조) HiNAS SVM'!O23 -> -
... C91: ='BOM_(신조) HiNAS SVM'!B26 -> SZ0020 | D91: ='BOM_(신조) HiNAS SVM'!C26 -> C13-C14(MALE) | E91: ='BOM_(신조) HiNAS SVM'!E26 -> UPS용 | F91: ='BOM_(신조) HiNAS SVM'!I26 -> 3 | G91: ='BOM_(신조) HiNAS SVM'!M26 -> 한주전자 | H91: ='BOM_(신조) HiNAS SVM'!O26 -> -
A92: 개조 | B92: HiNAS Control SVM | C92: ='BOM_(개조) HiNAS Con SVM'!B11 -> SM0001 | D92: ='BOM_(개조) HiNAS Con SVM'!C11 -> Monitor | E92: ='BOM_(개조) HiNAS Con SVM'!E11 -> 27인치 모니터 | F92: ='BOM_(개조) HiNAS Con SVM'!I11 -> 2 | G92: ='BOM_(개조) HiNAS Con SVM'!M11 -> MRC/테트라다인 | H92: ='BOM_(개조) HiNAS Con SVM'!O11 -> RCU, RCU cable, RS485 cable, bracket 포함
C93: ='BOM_(개조) HiNAS Con SVM'!B12 -> SS0001 | D93: ='BOM_(개조) HiNAS Con SVM'!C12 -> Server | E93: ='BOM_(개조) HiNAS Con SVM'!E12 -> 메인 서버 | F93: ='BOM_(개조) HiNAS Con SVM'!I12 -> 3 | G93: ='BOM_(개조) HiNAS Con SVM'!M12 -> 테트라다인 | H93: ='BOM_(개조) HiNAS Con SVM'!O12 -> -
C94: ='BOM_(개조) HiNAS Con SVM'!B13 -> SC0006 | D94: ='BOM_(개조) HiNAS Con SVM'!C13 -> IP camera | E94: ='BOM_(개조) HiNAS Con SVM'!E13 -> 카메라 | F94: ='BOM_(개조) HiNAS Con SVM'!I13 -> 6 | G94: ='BOM_(개조) HiNAS Con SVM'!M13 -> 아르게스마린 | H94: ='BOM_(개조) HiNAS Con SVM'!O13 -> -
C95: ='BOM_(개조) HiNAS Con SVM'!B14 -> SB0002 | D95: ='BOM_(개조) HiNAS Con SVM'!C14 -> Network switch | E95: ='BOM_(개조) HiNAS Con SVM'!E14 -> 허브 (선급인증품) | F95: ='BOM_(개조) HiNAS Con SVM'!I14 -> 3 | G95: ='BOM_(개조) HiNAS Con SVM'!M14 -> 여의시스템 | H95: ='BOM_(개조) HiNAS Con SVM'!O14 -> -
C96: ='BOM_(개조) HiNAS Con SVM'!B15 -> SB0007 | D96: ='BOM_(개조) HiNAS Con SVM'!C15 -> PoE HUB | E96: ='BOM_(개조) HiNAS Con SVM'!E15 -> IP 카메라에 전원 공급 | F96: ='BOM_(개조) HiNAS Con SVM'!I15 -> 2 | G96: ='BOM_(개조) HiNAS Con SVM'!M15 -> 제씨테크 | H96: ='BOM_(개조) HiNAS Con SVM'!O15 -> w. SMPS
C97: ='BOM_(개조) HiNAS Con SVM'!B16 -> SB0008 | D97: ='BOM_(개조) HiNAS Con SVM'!C16 -> LRP | E97: ='BOM_(개조) HiNAS Con SVM'!E16 -> LAN 통신 거리 연장 및 전원공급 | F97: ='BOM_(개조) HiNAS Con SVM'!I16 -> 6 | G97: ='BOM_(개조) HiNAS Con SVM'!M16 -> 제씨테크 | H97: ='BOM_(개조) HiNAS Con SVM'!O16 -> w. SMPS
C98: ='BOM_(개조) HiNAS Con SVM'!B17 -> SZ0001 | D98: ='BOM_(개조) HiNAS Con SVM'!C17 -> Junction Box | E98: ='BOM_(개조) HiNAS Con SVM'!E17 -> PoE Hub 용 | F98: ='BOM_(개조) HiNAS Con SVM'!I17 -> 2 | G98: ='BOM_(개조) HiNAS Con SVM'!M17 -> MRC | H98: ='BOM_(개조) HiNAS Con SVM'!O17 -> 명판 포함
C99: ='BOM_(개조) HiNAS Con SVM'!B18 -> SZ0002 | D99: ='BOM_(개조) HiNAS Con SVM'!C18 -> Junction Box | E99: ='BOM_(개조) HiNAS Con SVM'!E18 -> LRP Injector용 | F99: ='BOM_(개조) HiNAS Con SVM'!I18 -> 10 | G99: ='BOM_(개조) HiNAS Con SVM'!M18 -> MRC | H99: ='BOM_(개조) HiNAS Con SVM'!O18 -> 명판 포함
C100: ='BOM_(개조) HiNAS Con SVM'!B19 -> SZ0003 | D100: ='BOM_(개조) HiNAS Con SVM'!C19 -> Junction Box | E100: ='BOM_(개조) HiNAS Con SVM'!E19 -> 방폭형, LRP Extender용 | F100: ='BOM_(개조) HiNAS Con SVM'!I19 -> 2 | G100: ='BOM_(개조) HiNAS Con SVM'!M19 -> MRC | H100: ='BOM_(개조) HiNAS Con SVM'!O19 -> -
C101: ='BOM_(개조) HiNAS Con SVM'!B20 -> SB0022 | D101: ='BOM_(개조) HiNAS Con SVM'!C20 -> Network PoE Switch | E101: ='BOM_(개조) HiNAS Con SVM'!E20 -> IP 카메라에 전원 공급 | F101: ='BOM_(개조) HiNAS Con SVM'!I20 -> 1 | G101: ='BOM_(개조) HiNAS Con SVM'!M20 -> 여의시스템 | H101: ='BOM_(개조) HiNAS Con SVM'!O20 -> -
C102: ='BOM_(개조) HiNAS Con SVM'!B21 -> SB0006 | D102: ='BOM_(개조) HiNAS Con SVM'!C21 -> Serial to Ethernet | E102: ='BOM_(개조) HiNAS Con SVM'!E21 -> 시리얼 통신을 LAN으로 변환 | F102: ='BOM_(개조) HiNAS Con SVM'!I21 -> 1 | G102: ='BOM_(개조) HiNAS Con SVM'!M21 -> 여의시스템 | H102: ='BOM_(개조) HiNAS Con SVM'!O21 -> -
C103: ='BOM_(개조) HiNAS Con SVM'!B22 -> SZ0005 | D103: ='BOM_(개조) HiNAS Con SVM'!C22 -> keyboard & mouse | E103: ='BOM_(개조) HiNAS Con SVM'!E22 -> 입력기기 | F103: ='BOM_(개조) HiNAS Con SVM'!I22 -> 2 | G103: ='BOM_(개조) HiNAS Con SVM'!M22 -> MRC | H103: ='BOM_(개조) HiNAS Con SVM'!O22 -> -
C104: ='BOM_(개조) HiNAS Con SVM'!B23 -> SC0004 | D104: ='BOM_(개조) HiNAS Con SVM'!C23 -> NAS camera housing | E104: ='BOM_(개조) HiNAS Con SVM'!E23 -> 하우징 | F104: ='BOM_(개조) HiNAS Con SVM'!I23 -> 1 | G104: ='BOM_(개조) HiNAS Con SVM'!M23 -> MRC | H104: ='BOM_(개조) HiNAS Con SVM'!O23 -> -
... C117: ='BOM_(개조) HiNAS Con SVM'!B36 -> SM0005 | D117: ='BOM_(개조) HiNAS Con SVM'!C36 -> Tablet PC | E117: ='BOM_(개조) HiNAS Con SVM'!E36 -> Portable 모니터 | F117: ='BOM_(개조) HiNAS Con SVM'!I36 -> 2 | G117: ='BOM_(개조) HiNAS Con SVM'!M36 -> 컴퓨존 | H117: ='BOM_(개조) HiNAS Con SVM'!O36 -> COVER CASE, POWER ADAPTER 포함
A118: 개조 | B118: HiNAS Control | C118: ='BOM_(개조) HiNAS Control'!B11 -> SM0001 | D118: ='BOM_(개조) HiNAS Control'!C11 -> Monitor | E118: ='BOM_(개조) HiNAS Control'!E11 -> 27인치 모니터 | F118: ='BOM_(개조) HiNAS Control'!I11 -> 1 | G118: ='BOM_(개조) HiNAS Control'!M11 -> MRC/테트라다인 | H118: ='BOM_(개조) HiNAS Control'!O11 -> RCU, RCU cable, RS485 cable, bracket 포함
C119: ='BOM_(개조) HiNAS Control'!B12 -> SS0001 | D119: ='BOM_(개조) HiNAS Control'!C12 -> Server | E119: ='BOM_(개조) HiNAS Control'!E12 -> 메인 서버 | F119: ='BOM_(개조) HiNAS Control'!I12 -> 2 | G119: ='BOM_(개조) HiNAS Control'!M12 -> 테트라다인 | H119: ='BOM_(개조) HiNAS Control'!O12 -> -
C120: ='BOM_(개조) HiNAS Control'!B13 -> SS0003 | D120: ='BOM_(개조) HiNAS Control'!C13 -> Single Board Computer | E120: ='BOM_(개조) HiNAS Control'!E13 -> 카메라와 서버 연동 | F120: ='BOM_(개조) HiNAS Control'!I13 -> 1 | G120: ='BOM_(개조) HiNAS Control'!M13 -> 사이더스/e-con | H120: ='BOM_(개조) HiNAS Control'!O13 -> -
C121: ='BOM_(개조) HiNAS Control'!B14 -> SC0010 | D121: ='BOM_(개조) HiNAS Control'!C14 -> EO Camera | E121: ='BOM_(개조) HiNAS Control'!E14 -> 광학 카메라(4K) | F121: ='BOM_(개조) HiNAS Control'!I14 -> 3 | G121: ='BOM_(개조) HiNAS Control'!M14 -> 사이더스/e-con | H121: ='BOM_(개조) HiNAS Control'!O14 -> w. GMSL cable
C122: ='BOM_(개조) HiNAS Control'!B15 -> SC0002 | D122: ='BOM_(개조) HiNAS Control'!C15 -> IR camera | E122: ='BOM_(개조) HiNAS Control'!E15 -> 열화상 카메라 | F122: ='BOM_(개조) HiNAS Control'!I15 -> 3 | G122: ='BOM_(개조) HiNAS Control'!M15 -> IRKEN/FLIR | H122: ='BOM_(개조) HiNAS Control'!O15 -> w. VPC KIT
C123: ='BOM_(개조) HiNAS Control'!B16 -> SC0003 | D123: ='BOM_(개조) HiNAS Control'!C16 -> IR camera window | E123: ='BOM_(개조) HiNAS Control'!E16 -> 열화상 카메라 윈도우 | F123: ='BOM_(개조) HiNAS Control'!I16 -> 3 | G123: ='BOM_(개조) HiNAS Control'!M16 -> 센서캠 | H123: ='BOM_(개조) HiNAS Control'!O16 -> 1세대 용 (직경 42mm)
C124: ='BOM_(개조) HiNAS Control'!B17 -> SC0004 | D124: ='BOM_(개조) HiNAS Control'!C17 -> NAS camera housing | E124: ='BOM_(개조) HiNAS Control'!E17 -> 하우징 | F124: ='BOM_(개조) HiNAS Control'!I17 -> 1 | G124: ='BOM_(개조) HiNAS Control'!M17 -> MRC | H124: ='BOM_(개조) HiNAS Control'!O17 -> -
C125: ='BOM_(개조) HiNAS Control'!B18 -> SC0005 | D125: ='BOM_(개조) HiNAS Control'!C18 -> NAS junction box | E125: ='BOM_(개조) HiNAS Control'!E18 -> 정션박스 | F125: ='BOM_(개조) HiNAS Control'!I18 -> 1 | G125: ='BOM_(개조) HiNAS Control'!M18 -> MRC | H125: ='BOM_(개조) HiNAS Control'!O18 -> -
C126: ='BOM_(개조) HiNAS Control'!B19 -> SB0002 | D126: ='BOM_(개조) HiNAS Control'!C19 -> Network switch | E126: ='BOM_(개조) HiNAS Control'!E19 -> 허브 (선급인증품) | F126: ='BOM_(개조) HiNAS Control'!I19 -> 2 | G126: ='BOM_(개조) HiNAS Control'!M19 -> 여의시스템 | H126: ='BOM_(개조) HiNAS Control'!O19 -> -
C127: ='BOM_(개조) HiNAS Control'!B20 -> SB0004 | D127: ='BOM_(개조) HiNAS Control'!C20 -> Firewall | E127: ='BOM_(개조) HiNAS Control'!E20 -> 방화벽 (선급인증품) | F127: ='BOM_(개조) HiNAS Control'!I20 -> 1 | G127: ='BOM_(개조) HiNAS Control'!M20 -> MRC | H127: ='BOM_(개조) HiNAS Control'!O20 -> -
C128: ='BOM_(개조) HiNAS Control'!B21 -> SB0006 | D128: ='BOM_(개조) HiNAS Control'!C21 -> Serial to Ethernet | E128: ='BOM_(개조) HiNAS Control'!E21 -> 시리얼 통신을 LAN으로 변환 | F128: ='BOM_(개조) HiNAS Control'!I21 -> 1 | G128: ='BOM_(개조) HiNAS Control'!M21 -> 여의시스템 | H128: ='BOM_(개조) HiNAS Control'!O21 -> -
C129: ='BOM_(개조) HiNAS Control'!B22 -> SB0011 | D129: ='BOM_(개조) HiNAS Control'!C22 -> Selector Switch | E129: ='BOM_(개조) HiNAS Control'!E22 -> HiNAS control 선택 스위치 | F129: ='BOM_(개조) HiNAS Control'!I22 -> 1 | G129: ='BOM_(개조) HiNAS Control'!M22 -> MRC/YDK | H129: ='BOM_(개조) HiNAS Control'!O22 -> YOKOGAWA (w. DIMMER BOX)
C130: ='BOM_(개조) HiNAS Control'!B23 -> SE0003 | D130: ='BOM_(개조) HiNAS Control'!C23 -> UPS | E130: ='BOM_(개조) HiNAS Control'!E23 -> 1kVA, 무정전 전원 공급, Stand type | F130: ='BOM_(개조) HiNAS Control'!I23 -> 1 | G130: ='BOM_(개조) HiNAS Control'!M23 -> 기호티이에스 | H130: ='BOM_(개조) HiNAS Control'!O23 -> 마린필터, network card, 케이블 포함
... C133: ='BOM_(개조) HiNAS Control'!B26 -> SM0005 | D133: ='BOM_(개조) HiNAS Control'!C26 -> Tablet PC | E133: ='BOM_(개조) HiNAS Control'!E26 -> Portable 모니터 | F133: ='BOM_(개조) HiNAS Control'!I26 -> 1 | G133: ='BOM_(개조) HiNAS Control'!M26 -> 컴퓨존 | H133: ='BOM_(개조) HiNAS Control'!O26 -> COVER CASE, POWER ADAPTER 포함

Sheet BOM_(신조) HiNAS Nav
A2: 소요부품(자재) 명세서(Bill of Materials)
A4: □ 완제품 품명 | C4: : | D4: (신조) HiNAS Navigation
A5: □ HS CODE | C5: : | D5: NS
A6: □ 적용협정 | C6: :
A7: □ 원산지결정기준 | C7: :
A8: □ 원자재 사용내역
A10: 연번 | B10: 자재관리코드 | C10: 품명(자재명) | E10: 기능 및 용도 | F10: 세번부호 (HS No) | G10: 원산지 | H10: 단위 | I10: 소요량 | J10: 통화 | K10: 단가 | L10: 가격 | M10: 구매처 | N10: 입증서류 | O10: 비고
A11: 1 | B11: SM0001 | C11: =IFERROR(VLOOKUP($B11,자재리스트!$B$4:$M$92,2,FALSE),) -> Monitor | E11: =IFERROR(VLOOKUP($B11,자재리스트!$B$4:$M$92,4,FALSE),) -> 27인치 모니터 | F11: =IFERROR(VLOOKUP($B11,자재리스트!$B$4:$M$92,5,FALSE),) -> - | G11: =IFERROR(VLOOKUP($B11,자재리스트!$B$4:$M$92,6,FALSE),) -> 한국 | H11: =IFERROR(VLOOKUP($B11,자재리스트!$B$4:$M$92,7,FALSE),) -> 개 | I11: 1 | J11: =IFERROR(VLOOKUP($B11,자재리스트!$B$4:$M$92,8,FALSE),) -> KRW | K11: =IFERROR(VLOOKUP($B11,자재리스트!$B$4:$M$92,9,FALSE),) -> 3020000 | L11: =I11*K11 -> 3020000 | M11: =IFERROR(VLOOKUP($B11,자재리스트!$B$4:$M$92,10,FALSE),) -> MRC/테트라다인 | N11: =IFERROR(VLOOKUP($B11,자재리스트!$B$4:$M$92,11,FALSE),) -> 거래명세서 | O11: =IFERROR(VLOOKUP($B11,자재리스트!$B$4:$M$92,12,FALSE),) -> RCU, RCU cable, RS485 cable, bracket 포함
A12: 2 | B12: SS0001 | C12: =IFERROR(VLOOKUP($B12,자재리스트!$B$4:$M$92,2,FALSE),) -> Server | E12: =IFERROR(VLOOKUP($B12,자재리스트!$B$4:$M$92,4,FALSE),) -> 메인 서버 | F12: =IFERROR(VLOOKUP($B12,자재리스트!$B$4:$M$92,5,FALSE),) -> - | G12: =IFERROR(VLOOKUP($B12,자재리스트!$B$4:$M$92,6,FALSE),) -> 중국 | H12: =IFERROR(VLOOKUP($B12,자재리스트!$B$4:$M$92,7,FALSE),) -> 개 | I12: 1 | J12: =IFERROR(VLOOKUP($B12,자재리스트!$B$4:$M$92,8,FALSE),) -> KRW | K12: =IFERROR(VLOOKUP($B12,자재리스트!$B$4:$M$92,9,FALSE),) -> 3320000 | L12: =I12*K12 -> 3320000 | M12: =IFERROR(VLOOKUP($B12,자재리스트!$B$4:$M$92,10,FALSE),) -> 테트라다인 | N12: =IFERROR(VLOOKUP($B12,자재리스트!$B$4:$M$92,11,FALSE),) -> 거래명세서 | O12: =IFERROR(VLOOKUP($B12,자재리스트!$B$4:$M$92,12,FALSE),) -> -
A13: 3 | B13: SZ0013 | C13: =IFERROR(VLOOKUP($B13,자재리스트!$B$4:$M$92,2,FALSE),) -> Trackball Mouse | E13: =IFERROR(VLOOKUP($B13,자재리스트!$B$4:$M$92,4,FALSE),) -> 마우스 | F13: =IFERROR(VLOOKUP($B13,자재리스트!$B$4:$M$92,5,FALSE),) -> - | G13: =IFERROR(VLOOKUP($B13,자재리스트!$B$4:$M$92,6,FALSE),) -> 한국 | H13: =IFERROR(VLOOKUP($B13,자재리스트!$B$4:$M$92,7,FALSE),) -> 개 | I13: 2 | J13: =IFERROR(VLOOKUP($B13,자재리스트!$B$4:$M$92,8,FALSE),) -> KRW | K13: =IFERROR(VLOOKUP($B13,자재리스트!$B$4:$M$92,9,FALSE),) -> 95000 | L13: =I13*K13 -> 190000 | M13: =IFERROR(VLOOKUP($B13,자재리스트!$B$4:$M$92,10,FALSE),) -> 쿠팡 | N13: =IFERROR(VLOOKUP($B13,자재리스트!$B$4:$M$92,11,FALSE),) -> 거래명세서 | O13: =IFERROR(VLOOKUP($B13,자재리스트!$B$4:$M$92,12,FALSE),) -> -
A14: 4 | B14: SC0004 | C14: =IFERROR(VLOOKUP($B14,자재리스트!$B$4:$M$92,2,FALSE),) -> NAS camera housing | E14: =IFERROR(VLOOKUP($B14,자재리스트!$B$4:$M$92,4,FALSE),) -> 하우징 | F14: =IFERROR(VLOOKUP($B14,자재리스트!$B$4:$M$92,5,FALSE),) -> - | G14: =IFERROR(VLOOKUP($B14,자재리스트!$B$4:$M$92,6,FALSE),) -> 한국 | H14: =IFERROR(VLOOKUP($B14,자재리스트!$B$4:$M$92,7,FALSE),) -> 개 | I14: 1 | J14: =IFERROR(VLOOKUP($B14,자재리스트!$B$4:$M$92,8,FALSE),) -> KRW | K14: =IFERROR(VLOOKUP($B14,자재리스트!$B$4:$M$92,9,FALSE),) -> 4300000 | L14: =I14*K14 -> 4300000 | M14: =IFERROR(VLOOKUP($B14,자재리스트!$B$4:$M$92,10,FALSE),) -> MRC | N14: =IFERROR(VLOOKUP($B14,자재리스트!$B$4:$M$92,11,FALSE),) -> 거래명세서 | O14: =IFERROR(VLOOKUP($B14,자재리스트!$B$4:$M$92,12,FALSE),) -> -
A15: 5 | B15: SC0010 | C15: =IFERROR(VLOOKUP($B15,자재리스트!$B$4:$M$92,2,FALSE),) -> EO Camera | E15: =IFERROR(VLOOKUP($B15,자재리스트!$B$4:$M$92,4,FALSE),) -> 광학 카메라(4K) | F15: =IFERROR(VLOOKUP($B15,자재리스트!$B$4:$M$92,5,FALSE),) -> - | G15: =IFERROR(VLOOKUP($B15,자재리스트!$B$4:$M$92,6,FALSE),) -> 인도 | H15: =IFERROR(VLOOKUP($B15,자재리스트!$B$4:$M$92,7,FALSE),) -> 개 | I15: 3 | J15: =IFERROR(VLOOKUP($B15,자재리스트!$B$4:$M$92,8,FALSE),) -> KRW | K15: =IFERROR(VLOOKUP($B15,자재리스트!$B$4:$M$92,9,FALSE),) -> 532576 | L15: =I15*K15 -> 1597728 | M15: =IFERROR(VLOOKUP($B15,자재리스트!$B$4:$M$92,10,FALSE),) -> 사이더스/e-con | N15: =IFERROR(VLOOKUP($B15,자재리스트!$B$4:$M$92,11,FALSE),) -> 거래명세서 | O15: =IFERROR(VLOOKUP($B15,자재리스트!$B$4:$M$92,12,FALSE),) -> w. GMSL cable
A16: 6 | B16: SC0002 | C16: =IFERROR(VLOOKUP($B16,자재리스트!$B$4:$M$92,2,FALSE),) -> IR camera | E16: =IFERROR(VLOOKUP($B16,자재리스트!$B$4:$M$92,4,FALSE),) -> 열화상 카메라 | F16: =IFERROR(VLOOKUP($B16,자재리스트!$B$4:$M$92,5,FALSE),) -> - | G16: =IFERROR(VLOOKUP($B16,자재리스트!$B$4:$M$92,6,FALSE),) -> 미국 | H16: =IFERROR(VLOOKUP($B16,자재리스트!$B$4:$M$92,7,FALSE),) -> 개 | I16: 3 | J16: =IFERROR(VLOOKUP($B16,자재리스트!$B$4:$M$92,8,FALSE),) -> KRW | K16: =IFERROR(VLOOKUP($B16,자재리스트!$B$4:$M$92,9,FALSE),) -> 2487523 | L16: =I16*K16 -> 7462569 | M16: =IFERROR(VLOOKUP($B16,자재리스트!$B$4:$M$92,10,FALSE),) -> IRKEN/FLIR | N16: =IFERROR(VLOOKUP($B16,자재리스트!$B$4:$M$92,11,FALSE),) -> 거래명세서 | O16: =IFERROR(VLOOKUP($B16,자재리스트!$B$4:$M$92,12,FALSE),) -> w. VPC KIT
A17: 7 | B17: SC0003 | C17: =IFERROR(VLOOKUP($B17,자재리스트!$B$4:$M$92,2,FALSE),) -> IR camera window | E17: =IFERROR(VLOOKUP($B17,자재리스트!$B$4:$M$92,4,FALSE),) -> 열화상 카메라 윈도우 | F17: =IFERROR(VLOOKUP($B17,자재리스트!$B$4:$M$92,5,FALSE),) -> - | G17: =IFERROR(VLOOKUP($B17,자재리스트!$B$4:$M$92,6,FALSE),) -> 중국 | H17: =IFERROR(VLOOKUP($B17,자재리스트!$B$4:$M$92,7,FALSE),) -> 개 | I17: 3 | J17: =IFERROR(VLOOKUP($B17,자재리스트!$B$4:$M$92,8,FALSE),) -> KRW | K17: =IFERROR(VLOOKUP($B17,자재리스트!$B$4:$M$92,9,FALSE),) -> 220965 | L17: =I17*K17 -> 662895 | M17: =IFERROR(VLOOKUP($B17,자재리스트!$B$4:$M$92,10,FALSE),) -> 센서캠 | N17: =IFERROR(VLOOKUP($B17,자재리스트!$B$4:$M$92,11,FALSE),) -> 거래명세서 | O17: =IFERROR(VLOOKUP($B17,자재리스트!$B$4:$M$92,12,FALSE),) -> 1세대 용 (직경 42mm)
A18: 8 | B18: SC0005 | C18: =IFERROR(VLOOKUP($B18,자재리스트!$B$4:$M$92,2,FALSE),) -> NAS junction box | E18: =IFERROR(VLOOKUP($B18,자재리스트!$B$4:$M$92,4,FALSE),) -> 정션박스 | F18: =IFERROR(VLOOKUP($B18,자재리스트!$B$4:$M$92,5,FALSE),) -> - | G18: =IFERROR(VLOOKUP($B18,자재리스트!$B$4:$M$92,6,FALSE),) -> 한국 | H18: =IFERROR(VLOOKUP($B18,자재리스트!$B$4:$M$92,7,FALSE),) -> 개 | I18: 1 | J18: =IFERROR(VLOOKUP($B18,자재리스트!$B$4:$M$92,8,FALSE),) -> KRW | K18: =IFERROR(VLOOKUP($B18,자재리스트!$B$4:$M$92,9,FALSE),) -> 1000000 | L18: =I18*K18 -> 1000000 | M18: =IFERROR(VLOOKUP($B18,자재리스트!$B$4:$M$92,10,FALSE),) -> MRC | N18: =IFERROR(VLOOKUP($B18,자재리스트!$B$4:$M$92,11,FALSE),) -> 거래명세서 | O18: =IFERROR(VLOOKUP($B18,자재리스트!$B$4:$M$92,12,FALSE),) -> -
A19: 9 | B19: SS0003 | C19: =IFERROR(VLOOKUP($B19,자재리스트!$B$4:$M$92,2,FALSE),) -> Single Board Computer | E19: =IFERROR(VLOOKUP($B19,자재리스트!$B$4:$M$92,4,FALSE),) -> 카메라와 서버 연동 | F19: =IFERROR(VLOOKUP($B19,자재리스트!$B$4:$M$92,5,FALSE),) -> - | G19: =IFERROR(VLOOKUP($B19,자재리스트!$B$4:$M$92,6,FALSE),) -> 인도 | H19: =IFERROR(VLOOKUP($B19,자재리스트!$B$4:$M$92,7,FALSE),) -> 개 | I19: 1 | J19: =IFERROR(VLOOKUP($B19,자재리스트!$B$4:$M$92,8,FALSE),) -> KRW | K19: =IFERROR(VLOOKUP($B19,자재리스트!$B$4:$M$92,9,FALSE),) -> 4508312 | L19: =I19*K19 -> 4508312 | M19: =IFERROR(VLOOKUP($B19,자재리스트!$B$4:$M$92,10,FALSE),) -> 사이더스/e-con | N19: =IFERROR(VLOOKUP($B19,자재리스트!$B$4:$M$92,11,FALSE),) -> 거래명세서 | O19: =IFERROR(VLOOKUP($B19,자재리스트!$B$4:$M$92,12,FALSE),) -> -
A20: 10 | B20: SZ0012 | C20: =IFERROR(VLOOKUP($B20,자재리스트!$B$4:$M$92,2,FALSE),) -> SMPS | E20: =IFERROR(VLOOKUP($B20,자재리스트!$B$4:$M$92,4,FALSE),) -> Single Board Computer 전원 공급 | F20: =IFERROR(VLOOKUP($B20,자재리스트!$B$4:$M$92,5,FALSE),) -> - | G20: =IFERROR(VLOOKUP($B20,자재리스트!$B$4:$M$92,6,FALSE),) -> 한국 | H20: =IFERROR(VLOOKUP($B20,자재리스트!$B$4:$M$92,7,FALSE),) -> 개 | I20: 1 | J20: =IFERROR(VLOOKUP($B20,자재리스트!$B$4:$M$92,8,FALSE),) -> KRW | K20: =IFERROR(VLOOKUP($B20,자재리스트!$B$4:$M$92,9,FALSE),) -> 150000 | L20: =I20*K20 -> 150000 | M20: =IFERROR(VLOOKUP($B20,자재리스트!$B$4:$M$92,10,FALSE),) -> 파워캅 | N20: =IFERROR(VLOOKUP($B20,자재리스트!$B$4:$M$92,11,FALSE),) -> 거래명세서 | O20: =IFERROR(VLOOKUP($B20,자재리스트!$B$4:$M$92,12,FALSE),) -> -
A21: 11 | B21: SZ0014 | C21: =IFERROR(VLOOKUP($B21,자재리스트!$B$4:$M$92,2,FALSE),) -> EMI/EMC filter | E21: =IFERROR(VLOOKUP($B21,자재리스트!$B$4:$M$92,4,FALSE),) -> 정션박스 전자파 차폐용 | F21: =IFERROR(VLOOKUP($B21,자재리스트!$B$4:$M$92,5,FALSE),) -> - | G21: =IFERROR(VLOOKUP($B21,자재리스트!$B$4:$M$92,6,FALSE),) -> 한국 | H21: =IFERROR(VLOOKUP($B21,자재리스트!$B$4:$M$92,7,FALSE),) -> 개 | I21: 1 | J21: =IFERROR(VLOOKUP($B21,자재리스트!$B$4:$M$92,8,FALSE),) -> KRW | K21: =IFERROR(VLOOKUP($B21,자재리스트!$B$4:$M$92,9,FALSE),) -> 77000 | L21: =I21*K21 -> 77000 | M21: =IFERROR(VLOOKUP($B21,자재리스트!$B$4:$M$92,10,FALSE),) -> 오키 | N21: =IFERROR(VLOOKUP($B21,자재리스트!$B$4:$M$92,11,FALSE),) -> 거래명세서 | O21: =IFERROR(VLOOKUP($B21,자재리스트!$B$4:$M$92,12,FALSE),) -> -
A22: 12 | B22: SB0002 | C22: =IFERROR(VLOOKUP($B22,자재리스트!$B$4:$M$92,2,FALSE),) -> Network switch | E22: =IFERROR(VLOOKUP($B22,자재리스트!$B$4:$M$92,4,FALSE),) -> 허브 (선급인증품) | F22: =IFERROR(VLOOKUP($B22,자재리스트!$B$4:$M$92,5,FALSE),) -> - | G22: =IFERROR(VLOOKUP($B22,자재리스트!$B$4:$M$92,6,FALSE),) -> 한국 | H22: =IFERROR(VLOOKUP($B22,자재리스트!$B$4:$M$92,7,FALSE),) -> 개 | I22: 1 | J22: =IFERROR(VLOOKUP($B22,자재리스트!$B$4:$M$92,8,FALSE),) -> KRW | K22: =IFERROR(VLOOKUP($B22,자재리스트!$B$4:$M$92,9,FALSE),) -> 1596000 | L22: =I22*K22 -> 1596000 | M22: =IFERROR(VLOOKUP($B22,자재리스트!$B$4:$M$92,10,FALSE),) -> 여의시스템 | N22: =IFERROR(VLOOKUP($B22,자재리스트!$B$4:$M$92,11,FALSE),) -> 거래명세서 | O22: =IFERROR(VLOOKUP($B22,자재리스트!$B$4:$M$92,12,FALSE),) -> -
... A25: 15 | B25: SZ0020 | C25: =IFERROR(VLOOKUP($B25,자재리스트!$B$4:$M$92,2,FALSE),) -> C13-C14(MALE) | E25: =IFERROR(VLOOKUP($B25,자재리스트!$B$4:$M$92,4,FALSE),) -> UPS용 | F25: =IFERROR(VLOOKUP($B25,자재리스트!$B$4:$M$92,5,FALSE),) -> - | G25: =IFERROR(VLOOKUP($B25,자재리스트!$B$4:$M$92,6,FALSE),) -> 한국 | H25: =IFERROR(VLOOKUP($B25,자재리스트!$B$4:$M$92,7,FALSE),) -> 개 | I25: 3 | J25: =IFERROR(VLOOKUP($B25,자재리스트!$B$4:$M$92,8,FALSE),) -> KRW | K25: =IFERROR(VLOOKUP($B25,자재리스트!$B$4:$M$92,9,FALSE),) -> 9900 | L25: =I25*K25 -> 29700 | M25: =IFERROR(VLOOKUP($B25,자재리스트!$B$4:$M$92,10,FALSE),) -> 한주전자 | N25: =IFERROR(VLOOKUP($B25,자재리스트!$B$4:$M$92,11,FALSE),) -> 거래명세서 | O25: =IFERROR(VLOOKUP($B25,자재리스트!$B$4:$M$92,12,FALSE),) -> -
C27: ※ 자유무역협정의 이행을 위한, 원산지 증명서 관련업무 제출을 위하여 작성, 확인합니다.
C28: 작성자: ( 서명 )

Sheet BOM_(신조) HiNAS Nav DOM
A2: 소요부품(자재) 명세서(Bill of Materials)
A4: □ 완제품 품명 | C4: : | D4: (신조) HiNAS Navigation/DOM
A5: □ HS CODE | C5: : | D5: ND
A6: □ 적용협정 | C6: :
A7: □ 원산지결정기준 | C7: :
A8: □ 원자재 사용내역
A10: 연번 | B10: 자재관리코드 | C10: 품명(자재명) | E10: 기능 및 용도 | F10: 세번부호 (HS No) | G10: 원산지 | H10: 단위 | I10: 소요량 | J10: 통화 | K10: 단가 | L10: 가격 | M10: 구매처 | N10: 입증서류 | O10: 비고
A11: 1 | B11: SM0002 | C11: =IFERROR(VLOOKUP($B11,자재리스트!$B$4:$M$92,2,FALSE),) -> Monitor | E11: =IFERROR(VLOOKUP($B11,자재리스트!$B$4:$M$92,4,FALSE),) -> DOM 58.4인치 모니터 | F11: =IFERROR(VLOOKUP($B11,자재리스트!$B$4:$M$92,5,FALSE),) -> - | G11: =IFERROR(VLOOKUP($B11,자재리스트!$B$4:$M$92,6,FALSE),) -> 한국 | H11: =IFERROR(VLOOKUP($B11,자재리스트!$B$4:$M$92,7,FALSE),) -> 개 | I11: 1 | J11: =IFERROR(VLOOKUP($B11,자재리스트!$B$4:$M$92,8,FALSE),) -> KRW | K11: =IFERROR(VLOOKUP($B11,자재리스트!$B$4:$M$92,9,FALSE),) -> 6540000 | L11: =I11*K11 -> 6540000 | M11: =IFERROR(VLOOKUP($B11,자재리스트!$B$4:$M$92,10,FALSE),) -> MRC/테트라다인 | N11: =IFERROR(VLOOKUP($B11,자재리스트!$B$4:$M$92,11,FALSE),) -> 거래명세서 | O11: =IFERROR(VLOOKUP($B11,자재리스트!$B$4:$M$92,12,FALSE),) -> RCU, RCU cable, RS485 cable, bracket 포함
A12: 2 | B12: SS0001 | C12: =IFERROR(VLOOKUP($B12,자재리스트!$B$4:$M$92,2,FALSE),) -> Server | E12: =IFERROR(VLOOKUP($B12,자재리스트!$B$4:$M$92,4,FALSE),) -> 메인 서버 | F12: =IFERROR(VLOOKUP($B12,자재리스트!$B$4:$M$92,5,FALSE),) -> - | G12: =IFERROR(VLOOKUP($B12,자재리스트!$B$4:$M$92,6,FALSE),) -> 중국 | H12: =IFERROR(VLOOKUP($B12,자재리스트!$B$4:$M$92,7,FALSE),) -> 개 | I12: 1 | J12: =IFERROR(VLOOKUP($B12,자재리스트!$B$4:$M$92,8,FALSE),) -> KRW | K12: =IFERROR(VLOOKUP($B12,자재리스트!$B$4:$M$92,9,FALSE),) -> 3320000 | L12: =I12*K12 -> 3320000 | M12: =IFERROR(VLOOKUP($B12,자재리스트!$B$4:$M$92,10,FALSE),) -> 테트라다인 | N12: =IFERROR(VLOOKUP($B12,자재리스트!$B$4:$M$92,11,FALSE),) -> 거래명세서 | O12: =IFERROR(VLOOKUP($B12,자재리스트!$B$4:$M$92,12,FALSE),) -> -
A13: 3 | B13: SZ0013 | C13: =IFERROR(VLOOKUP($B13,자재리스트!$B$4:$M$92,2,FALSE),) -> Trackball Mouse | E13: =IFERROR(VLOOKUP($B13,자재리스트!$B$4:$M$92,4,FALSE),) -> 마우스 | F13: =IFERROR(VLOOKUP($B13,자재리스트!$B$4:$M$92,5,FALSE),) -> - | G13: =IFERROR(VLOOKUP($B13,자재리스트!$B$4:$M$92,6,FALSE),) -> 한국 | H13: =IFERROR(VLOOKUP($B13,자재리스트!$B$4:$M$92,7,FALSE),) -> 개 | I13: 2 | J13: =IFERROR(VLOOKUP($B13,자재리스트!$B$4:$M$92,8,FALSE),) -> KRW | K13: =IFERROR(VLOOKUP($B13,자재리스트!$B$4:$M$92,9,FALSE),) -> 95000 | L13: =I13*K13 -> 190000 | M13: =IFERROR(VLOOKUP($B13,자재리스트!$B$4:$M$92,10,FALSE),) -> 쿠팡 | N13: =IFERROR(VLOOKUP($B13,자재리스트!$B$4:$M$92,11,FALSE),) -> 거래명세서 | O13: =IFERROR(VLOOKUP($B13,자재리스트!$B$4:$M$92,12,FALSE),) -> -
A14: 4 | B14: SB0004 | C14: =IFERROR(VLOOKUP($B14,자재리스트!$B$4:$M$92,2,FALSE),) -> Firewall | E14: =IFERROR(VLOOKUP($B14,자재리스트!$B$4:$M$92,4,FALSE),) -> 방화벽 (선급인증품) | F14: =IFERROR(VLOOKUP($B14,자재리스트!$B$4:$M$92,5,FALSE),) -> - | G14: =IFERROR(VLOOKUP($B14,자재리스트!$B$4:$M$92,6,FALSE),) -> 한국 | H14: =IFERROR(VLOOKUP($B14,자재리스트!$B$4:$M$92,7,FALSE),) -> 개 | I14: 1 | J14: =IFERROR(VLOOKUP($B14,자재리스트!$B$4:$M$92,8,FALSE),) -> KRW | K14: =IFERROR(VLOOKUP($B14,자재리스트!$B$4:$M$92,9,FALSE),) -> 3800000 | L14: =I14*K14 -> 3800000 | M14: =IFERROR(VLOOKUP($B14,자재리스트!$B$4:$M$92,10,FALSE),) -> MRC | N14: =IFERROR(VLOOKUP($B14,자재리스트!$B$4:$M$92,11,FALSE),) -> 거래명세서 | O14: =IFERROR(VLOOKUP($B14,자재리스트!$B$4:$M$92,12,FALSE),) -> -
A15: 5 | B15: SB0002 | C15: =IFERROR(VLOOKUP($B15,자재리스트!$B$4:$M$92,2,FALSE),) -> Network switch | E15: =IFERROR(VLOOKUP($B15,자재리스트!$B$4:$M$92,4,FALSE),) -> 허브 (선급인증품) | F15: =IFERROR(VLOOKUP($B15,자재리스트!$B$4:$M$92,5,FALSE),) -> - | G15: =IFERROR(VLOOKUP($B15,자재리스트!$B$4:$M$92,6,FALSE),) -> 한국 | H15: =IFERROR(VLOOKUP($B15,자재리스트!$B$4:$M$92,7,FALSE),) -> 개 | I15: 1 | J15: =IFERROR(VLOOKUP($B15,자재리스트!$B$4:$M$92,8,FALSE),) -> KRW | K15: =IFERROR(VLOOKUP($B15,자재리스트!$B$4:$M$92,9,FALSE),) -> 1596000 | L15: =I15*K15 -> 1596000 | M15: =IFERROR(VLOOKUP($B15,자재리스트!$B$4:$M$92,10,FALSE),) -> 여의시스템 | N15: =IFERROR(VLOOKUP($B15,자재리스트!$B$4:$M$92,11,FALSE),) -> 거래명세서 | O15: =IFERROR(VLOOKUP($B15,자재리스트!$B$4:$M$92,12,FALSE),) -> -
A16: 6 | B16: SC0004 | C16: =IFERROR(VLOOKUP($B16,자재리스트!$B$4:$M$92,2,FALSE),) -> NAS camera housing | E16: =IFERROR(VLOOKUP($B16,자재리스트!$B$4:$M$92,4,FALSE),) -> 하우징 | F16: =IFERROR(VLOOKUP($B16,자재리스트!$B$4:$M$92,5,FALSE),) -> - | G16: =IFERROR(VLOOKUP($B16,자재리스트!$B$4:$M$92,6,FALSE),) -> 한국 | H16: =IFERROR(VLOOKUP($B16,자재리스트!$B$4:$M$92,7,FALSE),) -> 개 | I16: 1 | J16: =IFERROR(VLOOKUP($B16,자재리스트!$B$4:$M$92,8,FALSE),) -> KRW | K16: =IFERROR(VLOOKUP($B16,자재리스트!$B$4:$M$92,9,FALSE),) -> 4300000 | L16: =I16*K16 -> 4300000 | M16: =IFERROR(VLOOKUP($B16,자재리스트!$B$4:$M$92,10,FALSE),) -> MRC | N16: =IFERROR(VLOOKUP($B16,자재리스트!$B$4:$M$92,11,FALSE),) -> 거래명세서 | O16: =IFERROR(VLOOKUP($B16,자재리스트!$B$4:$M$92,12,FALSE),) -> -
A17: 7 | B17: SC0010 | C17: =IFERROR(VLOOKUP($B17,자재리스트!$B$4:$M$92,2,FALSE),) -> EO Camera | E17: =IFERROR(VLOOKUP($B17,자재리스트!$B$4:$M$92,4,FALSE),) -> 광학 카메라(4K) | F17: =IFERROR(VLOOKUP($B17,자재리스트!$B$4:$M$92,5,FALSE),) -> - | G17: =IFERROR(VLOOKUP($B17,자재리스트!$B$4:$M$92,6,FALSE),) -> 인도 | H17: =IFERROR(VLOOKUP($B17,자재리스트!$B$4:$M$92,7,FALSE),) -> 개 | I17: 3 | J17: =IFERROR(VLOOKUP($B17,자재리스트!$B$4:$M$92,8,FALSE),) -> KRW | K17: =IFERROR(VLOOKUP($B17,자재리스트!$B$4:$M$92,9,FALSE),) -> 532576 | L17: =I17*K17 -> 1597728 | M17: =IFERROR(VLOOKUP($B17,자재리스트!$B$4:$M$92,10,FALSE),) -> 사이더스/e-con | N17: =IFERROR(VLOOKUP($B17,자재리스트!$B$4:$M$92,11,FALSE),) -> 거래명세서 | O17: =IFERROR(VLOOKUP($B17,자재리스트!$B$4:$M$92,12,FALSE),) -> w. GMSL cable
A18: 8 | B18: SC0002 | C18: =IFERROR(VLOOKUP($B18,자재리스트!$B$4:$M$92,2,FALSE),) -> IR camera | E18: =IFERROR(VLOOKUP($B18,자재리스트!$B$4:$M$92,4,FALSE),) -> 열화상 카메라 | F18: =IFERROR(VLOOKUP($B18,자재리스트!$B$4:$M$92,5,FALSE),) -> - | G18: =IFERROR(VLOOKUP($B18,자재리스트!$B$4:$M$92,6,FALSE),) -> 미국 | H18: =IFERROR(VLOOKUP($B18,자재리스트!$B$4:$M$92,7,FALSE),) -> 개 | I18: 3 | J18: =IFERROR(VLOOKUP($B18,자재리스트!$B$4:$M$92,8,FALSE),) -> KRW | K18: =IFERROR(VLOOKUP($B18,자재리스트!$B$4:$M$92,9,FALSE),) -> 2487523 | L18: =I18*K18 -> 7462569 | M18: =IFERROR(VLOOKUP($B18,자재리스트!$B$4:$M$92,10,FALSE),) -> IRKEN/FLIR | N18: =IFERROR(VLOOKUP($B18,자재리스트!$B$4:$M$92,11,FALSE),) -> 거래명세서 | O18: =IFERROR(VLOOKUP($B18,자재리스트!$B$4:$M$92,12,FALSE),) -> w. VPC KIT
A19: 9 | B19: SC0003 | C19: =IFERROR(VLOOKUP($B19,자재리스트!$B$4:$M$92,2,FALSE),) -> IR camera window | E19: =IFERROR(VLOOKUP($B19,자재리스트!$B$4:$M$92,4,FALSE),) -> 열화상 카메라 윈도우 | F19: =IFERROR(VLOOKUP($B19,자재리스트!$B$4:$M$92,5,FALSE),) -> - | G19: =IFERROR(VLOOKUP($B19,자재리스트!$B$4:$M$92,6,FALSE),) -> 중국 | H19: =IFERROR(VLOOKUP($B19,자재리스트!$B$4:$M$92,7,FALSE),) -> 개 | I19: 3 | J19: =IFERROR(VLOOKUP($B19,자재리스트!$B$4:$M$92,8,FALSE),) -> KRW | K19: =IFERROR(VLOOKUP($B19,자재리스트!$B$4:$M$92,9,FALSE),) -> 220965 | L19: =I19*K19 -> 662895 | M19: =IFERROR(VLOOKUP($B19,자재리스트!$B$4:$M$92,10,FALSE),) -> 센서캠 | N19: =IFERROR(VLOOKUP($B19,자재리스트!$B$4:$M$92,11,FALSE),) -> 거래명세서 | O19: =IFERROR(VLOOKUP($B19,자재리스트!$B$4:$M$92,12,FALSE),) -> 1세대 용 (직경 42mm)
A20: 10 | B20: SC0005 | C20: =IFERROR(VLOOKUP($B20,자재리스트!$B$4:$M$92,2,FALSE),) -> NAS junction box | E20: =IFERROR(VLOOKUP($B20,자재리스트!$B$4:$M$92,4,FALSE),) -> 정션박스 | F20: =IFERROR(VLOOKUP($B20,자재리스트!$B$4:$M$92,5,FALSE),) -> - | G20: =IFERROR(VLOOKUP($B20,자재리스트!$B$4:$M$92,6,FALSE),) -> 한국 | H20: =IFERROR(VLOOKUP($B20,자재리스트!$B$4:$M$92,7,FALSE),) -> 개 | I20: 1 | J20: =IFERROR(VLOOKUP($B20,자재리스트!$B$4:$M$92,8,FALSE),) -> KRW | K20: =IFERROR(VLOOKUP($B20,자재리스트!$B$4:$M$92,9,FALSE),) -> 1000000 | L20: =I20*K20 -> 1000000 | M20: =IFERROR(VLOOKUP($B20,자재리스트!$B$4:$M$92,10,FALSE),) -> MRC | N20: =IFERROR(VLOOKUP($B20,자재리스트!$B$4:$M$92,11,FALSE),) -> 거래명세서 | O20: =IFERROR(VLOOKUP($B20,자재리스트!$B$4:$M$92,12,FALSE),) -> -
A21: 11 | B21: SS0003 | C21: =IFERROR(VLOOKUP($B21,자재리스트!$B$4:$M$92,2,FALSE),) -> Single Board Computer | E21: =IFERROR(VLOOKUP($B21,자재리스트!$B$4:$M$92,4,FALSE),) -> 카메라와 서버 연동 | F21: =IFERROR(VLOOKUP($B21,자재리스트!$B$4:$M$92,5,FALSE),) -> - | G21: =IFERROR(VLOOKUP($B21,자재리스트!$B$4:$M$92,6,FALSE),) -> 인도 | H21: =IFERROR(VLOOKUP($B21,자재리스트!$B$4:$M$92,7,FALSE),) -> 개 | I21: 1 | J21: =IFERROR(VLOOKUP($B21,자재리스트!$B$4:$M$92,8,FALSE),) -> KRW | K21: =IFERROR(VLOOKUP($B21,자재리스트!$B$4:$M$92,9,FALSE),) -> 4508312 | L21: =I21*K21 -> 4508312 | M21: =IFERROR(VLOOKUP($B21,자재리스트!$B$4:$M$92,10,FALSE),) -> 사이더스/e-con | N21: =IFERROR(VLOOKUP($B21,자재리스트!$B$4:$M$92,11,FALSE),) -> 거래명세서 | O21: =IFERROR(VLOOKUP($B21,자재리스트!$B$4:$M$92,12,FALSE),) -> -
A22: 12 | B22: SZ0012 | C22: =IFERROR(VLOOKUP($B22,자재리스트!$B$4:$M$92,2,FALSE),) -> SMPS | E22: =IFERROR(VLOOKUP($B22,자재리스트!$B$4:$M$92,4,FALSE),) -> Single Board Computer 전원 공급 | F22: =IFERROR(VLOOKUP($B22,자재리스트!$B$4:$M$92,5,FALSE),) -> - | G22: =IFERROR(VLOOKUP($B22,자재리스트!$B$4:$M$92,6,FALSE),) -> 한국 | H22: =IFERROR(VLOOKUP($B22,자재리스트!$B$4:$M$92,7,FALSE),) -> 개 | I22: 1 | J22: =IFERROR(VLOOKUP($B22,자재리스트!$B$4:$M$92,8,FALSE),) -> KRW | K22: =IFERROR(VLOOKUP($B22,자재리스트!$B$4:$M$92,9,FALSE),) -> 150000 | L22: =I22*K22 -> 150000 | M22: =IFERROR(VLOOKUP($B22,자재리스트!$B$4:$M$92,10,FALSE),) -> 파워캅 | N22: =IFERROR(VLOOKUP($B22,자재리스트!$B$4:$M$92,11,FALSE),) -> 거래명세서 | O22: =IFERROR(VLOOKUP($B22,자재리스트!$B$4:$M$92,12,FALSE),) -> -
... A26: 16 | B26: SZ0020 | C26: =IFERROR(VLOOKUP($B26,자재리스트!$B$4:$M$92,2,FALSE),) -> C13-C14(MALE) | E26: =IFERROR(VLOOKUP($B26,자재리스트!$B$4:$M$92,4,FALSE),) -> UPS용 | F26: =IFERROR(VLOOKUP($B26,자재리스트!$B$4:$M$92,5,FALSE),) -> - | G26: =IFERROR(VLOOKUP($B26,자재리스트!$B$4:$M$92,6,FALSE),) -> 한국 | H26: =IFERROR(VLOOKUP($B26,자재리스트!$B$4:$M$92,7,FALSE),) -> 개 | I26: 3 | J26: =IFERROR(VLOOKUP($B26,자재리스트!$B$4:$M$92,8,FALSE),) -> KRW | K26: =IFERROR(VLOOKUP($B26,자재리스트!$B$4:$M$92,9,FALSE),) -> 9900 | L26: =I26*K26 -> 29700 | M26: =IFERROR(VLOOKUP($B26,자재리스트!$B$4:$M$92,10,FALSE),) -> 한주전자 | N26: =IFERROR(VLOOKUP($B26,자재리스트!$B$4:$M$92,11,FALSE),) -> 거래명세서 | O26: =IFERROR(VLOOKUP($B26,자재리스트!$B$4:$M$92,12,FALSE),) -> -
C28: ※ 자유무역협정의 이행을 위한, 원산지 증명서 관련업무 제출을 위하여 작성, 확인합니다.
C29: 작성자: ( 서명 )

Sheet BOM_(신조) HiNAS Control
A2: 소요부품(자재) 명세서(Bill of Materials)
A4: □ 완제품 품명 | C4: : | D4: HiNAS Control
A5: □ HS CODE | C5: :
A6: □ 적용협정 | C6: :
A7: □ 원산지결정기준 | C7: :
A8: □ 원자재 사용내역
A10: 연번 | B10: 자재관리코드 | C10: 품명(자재명) | E10: 기능 및 용도 | F10: 세번부호 (HS No) | G10: 원산지 | H10: 단위 | I10: 소요량 | J10: 통화 | K10: 단가 | L10: 가격 | M10: 구매처 | N10: 입증서류 | O10: 비고
A11: 1 | B11: SM0002 | C11: =IFERROR(VLOOKUP($B11,자재리스트!$B$4:$M$92,2,FALSE),) -> Monitor | E11: =IFERROR(VLOOKUP($B11,자재리스트!$B$4:$M$92,4,FALSE),) -> DOM 58.4인치 모니터 | F11: =IFERROR(VLOOKUP($B11,자재리스트!$B$4:$M$92,5,FALSE),) -> - | G11: =IFERROR(VLOOKUP($B11,자재리스트!$B$4:$M$92,6,FALSE),) -> 한국 | H11: =IFERROR(VLOOKUP($B11,자재리스트!$B$4:$M$92,7,FALSE),) -> 개 | I11: 1 | J11: =IFERROR(VLOOKUP($B11,자재리스트!$B$4:$M$92,8,FALSE),) -> KRW | K11: =IFERROR(VLOOKUP($B11,자재리스트!$B$4:$M$92,9,FALSE),) -> 6540000 | L11: =I11*K11 -> 6540000 | M11: =IFERROR(VLOOKUP($B11,자재리스트!$B$4:$M$92,10,FALSE),) -> MRC/테트라다인 | N11: =IFERROR(VLOOKUP($B11,자재리스트!$B$4:$M$92,11,FALSE),) -> 거래명세서 | O11: =IFERROR(VLOOKUP($B11,자재리스트!$B$4:$M$92,12,FALSE),) -> RCU, RCU cable, RS485 cable, bracket 포함
A12: 2 | B12: SM0003 | C12: =IFERROR(VLOOKUP($B12,자재리스트!$B$4:$M$92,2,FALSE),) -> Monitor | E12: =IFERROR(VLOOKUP($B12,자재리스트!$B$4:$M$92,4,FALSE),) -> 32인치 모니터 | F12: =IFERROR(VLOOKUP($B12,자재리스트!$B$4:$M$92,5,FALSE),) -> - | G12: =IFERROR(VLOOKUP($B12,자재리스트!$B$4:$M$92,6,FALSE),) -> 한국 | H12: =IFERROR(VLOOKUP($B12,자재리스트!$B$4:$M$92,7,FALSE),) -> 개 | I12: 1 | J12: =IFERROR(VLOOKUP($B12,자재리스트!$B$4:$M$92,8,FALSE),) -> KRW | K12: =IFERROR(VLOOKUP($B12,자재리스트!$B$4:$M$92,9,FALSE),) -> 4480000 | L12: =I12*K12 -> 4480000 | M12: =IFERROR(VLOOKUP($B12,자재리스트!$B$4:$M$92,10,FALSE),) -> MRC/테트라다인 | N12: =IFERROR(VLOOKUP($B12,자재리스트!$B$4:$M$92,11,FALSE),) -> 거래명세서 | O12: =IFERROR(VLOOKUP($B12,자재리스트!$B$4:$M$92,12,FALSE),) -> RCU, RCU cable, RS485 cable, bracket 포함
A13: 3 | B13: SS0001 | C13: =IFERROR(VLOOKUP($B13,자재리스트!$B$4:$M$92,2,FALSE),) -> Server | E13: =IFERROR(VLOOKUP($B13,자재리스트!$B$4:$M$92,4,FALSE),) -> 메인 서버 | F13: =IFERROR(VLOOKUP($B13,자재리스트!$B$4:$M$92,5,FALSE),) -> - | G13: =IFERROR(VLOOKUP($B13,자재리스트!$B$4:$M$92,6,FALSE),) -> 중국 | H13: =IFERROR(VLOOKUP($B13,자재리스트!$B$4:$M$92,7,FALSE),) -> 개 | I13: 2 | J13: =IFERROR(VLOOKUP($B13,자재리스트!$B$4:$M$92,8,FALSE),) -> KRW | K13: =IFERROR(VLOOKUP($B13,자재리스트!$B$4:$M$92,9,FALSE),) -> 3320000 | L13: =I13*K13 -> 6640000 | M13: =IFERROR(VLOOKUP($B13,자재리스트!$B$4:$M$92,10,FALSE),) -> 테트라다인 | N13: =IFERROR(VLOOKUP($B13,자재리스트!$B$4:$M$92,11,FALSE),) -> 거래명세서 | O13: =IFERROR(VLOOKUP($B13,자재리스트!$B$4:$M$92,12,FALSE),) -> - | S13: 2800000
A14: 4 | B14: SS0002 | C14: =IFERROR(VLOOKUP($B14,자재리스트!$B$4:$M$92,2,FALSE),) -> Client | E14: =IFERROR(VLOOKUP($B14,자재리스트!$B$4:$M$92,4,FALSE),) -> 클라이언트 서버 | F14: =IFERROR(VLOOKUP($B14,자재리스트!$B$4:$M$92,5,FALSE),) -> - | G14: =IFERROR(VLOOKUP($B14,자재리스트!$B$4:$M$92,6,FALSE),) -> 중국 | H14: =IFERROR(VLOOKUP($B14,자재리스트!$B$4:$M$92,7,FALSE),) -> 개 | I14: 2 | J14: =IFERROR(VLOOKUP($B14,자재리스트!$B$4:$M$92,8,FALSE),) -> KRW | K14: =IFERROR(VLOOKUP($B14,자재리스트!$B$4:$M$92,9,FALSE),) -> 1820000 | L14: =I14*K14 -> 3640000 | M14: =IFERROR(VLOOKUP($B14,자재리스트!$B$4:$M$92,10,FALSE),) -> 테트라다인 | N14: =IFERROR(VLOOKUP($B14,자재리스트!$B$4:$M$92,11,FALSE),) -> 거래명세서 | O14: =IFERROR(VLOOKUP($B14,자재리스트!$B$4:$M$92,12,FALSE),) -> - | S14: 1695000
A15: 5 | B15: SZ0006 | C15: =IFERROR(VLOOKUP($B15,자재리스트!$B$4:$M$92,2,FALSE),) -> Keyboard with trackball | E15: =IFERROR(VLOOKUP($B15,자재리스트!$B$4:$M$92,4,FALSE),) -> 선급인증품 | F15: =IFERROR(VLOOKUP($B15,자재리스트!$B$4:$M$92,5,FALSE),) -> - | G15: =IFERROR(VLOOKUP($B15,자재리스트!$B$4:$M$92,6,FALSE),) -> 한국 | H15: =IFERROR(VLOOKUP($B15,자재리스트!$B$4:$M$92,7,FALSE),) -> 세트 | I15: 2 | J15: =IFERROR(VLOOKUP($B15,자재리스트!$B$4:$M$92,8,FALSE),) -> KRW | K15: =IFERROR(VLOOKUP($B15,자재리스트!$B$4:$M$92,9,FALSE),) -> 1200000 | L15: =I15*K15 -> 2400000 | M15: =IFERROR(VLOOKUP($B15,자재리스트!$B$4:$M$92,10,FALSE),) -> 피앤피컴포넌츠 | N15: =IFERROR(VLOOKUP($B15,자재리스트!$B$4:$M$92,11,FALSE),) -> 거래명세서 | O15: =IFERROR(VLOOKUP($B15,자재리스트!$B$4:$M$92,12,FALSE),) -> panel mount / flush type | S15: 1100000
A16: 6 | B16: SC0004 | C16: =IFERROR(VLOOKUP($B16,자재리스트!$B$4:$M$92,2,FALSE),) -> NAS camera housing | E16: =IFERROR(VLOOKUP($B16,자재리스트!$B$4:$M$92,4,FALSE),) -> 하우징 | F16: =IFERROR(VLOOKUP($B16,자재리스트!$B$4:$M$92,5,FALSE),) -> - | G16: =IFERROR(VLOOKUP($B16,자재리스트!$B$4:$M$92,6,FALSE),) -> 한국 | H16: =IFERROR(VLOOKUP($B16,자재리스트!$B$4:$M$92,7,FALSE),) -> 개 | I16: 1 | J16: =IFERROR(VLOOKUP($B16,자재리스트!$B$4:$M$92,8,FALSE),) -> KRW | K16: =IFERROR(VLOOKUP($B16,자재리스트!$B$4:$M$92,9,FALSE),) -> 4300000 | L16: =I16*K16 -> 4300000 | M16: =IFERROR(VLOOKUP($B16,자재리스트!$B$4:$M$92,10,FALSE),) -> MRC | N16: =IFERROR(VLOOKUP($B16,자재리스트!$B$4:$M$92,11,FALSE),) -> 거래명세서 | O16: =IFERROR(VLOOKUP($B16,자재리스트!$B$4:$M$92,12,FALSE),) -> - | S16: =1082333+4000000 -> 5082333
A17: 7 | B17: SC0010 | C17: =IFERROR(VLOOKUP($B17,자재리스트!$B$4:$M$92,2,FALSE),) -> EO Camera | E17: =IFERROR(VLOOKUP($B17,자재리스트!$B$4:$M$92,4,FALSE),) -> 광학 카메라(4K) | F17: =IFERROR(VLOOKUP($B17,자재리스트!$B$4:$M$92,5,FALSE),) -> - | G17: =IFERROR(VLOOKUP($B17,자재리스트!$B$4:$M$92,6,FALSE),) -> 인도 | H17: =IFERROR(VLOOKUP($B17,자재리스트!$B$4:$M$92,7,FALSE),) -> 개 | I17: 3 | J17: =IFERROR(VLOOKUP($B17,자재리스트!$B$4:$M$92,8,FALSE),) -> KRW | K17: =IFERROR(VLOOKUP($B17,자재리스트!$B$4:$M$92,9,FALSE),) -> 532576 | L17: =I17*K17 -> 1597728 | M17: =IFERROR(VLOOKUP($B17,자재리스트!$B$4:$M$92,10,FALSE),) -> 사이더스/e-con | N17: =IFERROR(VLOOKUP($B17,자재리스트!$B$4:$M$92,11,FALSE),) -> 거래명세서 | O17: =IFERROR(VLOOKUP($B17,자재리스트!$B$4:$M$92,12,FALSE),) -> w. GMSL cable | S17: 3500000
A18: 8 | B18: SC0002 | C18: =IFERROR(VLOOKUP($B18,자재리스트!$B$4:$M$92,2,FALSE),) -> IR camera | E18: =IFERROR(VLOOKUP($B18,자재리스트!$B$4:$M$92,4,FALSE),) -> 열화상 카메라 | F18: =IFERROR(VLOOKUP($B18,자재리스트!$B$4:$M$92,5,FALSE),) -> - | G18: =IFERROR(VLOOKUP($B18,자재리스트!$B$4:$M$92,6,FALSE),) -> 미국 | H18: =IFERROR(VLOOKUP($B18,자재리스트!$B$4:$M$92,7,FALSE),) -> 개 | I18: 3 | J18: =IFERROR(VLOOKUP($B18,자재리스트!$B$4:$M$92,8,FALSE),) -> KRW | K18: =IFERROR(VLOOKUP($B18,자재리스트!$B$4:$M$92,9,FALSE),) -> 2487523 | L18: =I18*K18 -> 7462569 | M18: =IFERROR(VLOOKUP($B18,자재리스트!$B$4:$M$92,10,FALSE),) -> IRKEN/FLIR | N18: =IFERROR(VLOOKUP($B18,자재리스트!$B$4:$M$92,11,FALSE),) -> 거래명세서 | O18: =IFERROR(VLOOKUP($B18,자재리스트!$B$4:$M$92,12,FALSE),) -> w. VPC KIT | S18: 6700000
A19: 9 | B19: SC0003 | C19: =IFERROR(VLOOKUP($B19,자재리스트!$B$4:$M$92,2,FALSE),) -> IR camera window | E19: =IFERROR(VLOOKUP($B19,자재리스트!$B$4:$M$92,4,FALSE),) -> 열화상 카메라 윈도우 | F19: =IFERROR(VLOOKUP($B19,자재리스트!$B$4:$M$92,5,FALSE),) -> - | G19: =IFERROR(VLOOKUP($B19,자재리스트!$B$4:$M$92,6,FALSE),) -> 중국 | H19: =IFERROR(VLOOKUP($B19,자재리스트!$B$4:$M$92,7,FALSE),) -> 개 | I19: 3 | J19: =IFERROR(VLOOKUP($B19,자재리스트!$B$4:$M$92,8,FALSE),) -> KRW | K19: =IFERROR(VLOOKUP($B19,자재리스트!$B$4:$M$92,9,FALSE),) -> 220965 | L19: =I19*K19 -> 662895 | M19: =IFERROR(VLOOKUP($B19,자재리스트!$B$4:$M$92,10,FALSE),) -> 센서캠 | N19: =IFERROR(VLOOKUP($B19,자재리스트!$B$4:$M$92,11,FALSE),) -> 거래명세서 | O19: =IFERROR(VLOOKUP($B19,자재리스트!$B$4:$M$92,12,FALSE),) -> 1세대 용 (직경 42mm) | S19: 2213000
A20: 10 | B20: SC0005 | C20: =IFERROR(VLOOKUP($B20,자재리스트!$B$4:$M$92,2,FALSE),) -> NAS junction box | E20: =IFERROR(VLOOKUP($B20,자재리스트!$B$4:$M$92,4,FALSE),) -> 정션박스 | F20: =IFERROR(VLOOKUP($B20,자재리스트!$B$4:$M$92,5,FALSE),) -> - | G20: =IFERROR(VLOOKUP($B20,자재리스트!$B$4:$M$92,6,FALSE),) -> 한국 | H20: =IFERROR(VLOOKUP($B20,자재리스트!$B$4:$M$92,7,FALSE),) -> 개 | I20: 1 | J20: =IFERROR(VLOOKUP($B20,자재리스트!$B$4:$M$92,8,FALSE),) -> KRW | K20: =IFERROR(VLOOKUP($B20,자재리스트!$B$4:$M$92,9,FALSE),) -> 1000000 | L20: =I20*K20 -> 1000000 | M20: =IFERROR(VLOOKUP($B20,자재리스트!$B$4:$M$92,10,FALSE),) -> MRC | N20: =IFERROR(VLOOKUP($B20,자재리스트!$B$4:$M$92,11,FALSE),) -> 거래명세서 | O20: =IFERROR(VLOOKUP($B20,자재리스트!$B$4:$M$92,12,FALSE),) -> - | S20: =1520000*2 -> 3040000
A21: 11 | B21: SS0003 | C21: =IFERROR(VLOOKUP($B21,자재리스트!$B$4:$M$92,2,FALSE),) -> Single Board Computer | E21: =IFERROR(VLOOKUP($B21,자재리스트!$B$4:$M$92,4,FALSE),) -> 카메라와 서버 연동 | F21: =IFERROR(VLOOKUP($B21,자재리스트!$B$4:$M$92,5,FALSE),) -> - | G21: =IFERROR(VLOOKUP($B21,자재리스트!$B$4:$M$92,6,FALSE),) -> 인도 | H21: =IFERROR(VLOOKUP($B21,자재리스트!$B$4:$M$92,7,FALSE),) -> 개 | I21: 1 | J21: =IFERROR(VLOOKUP($B21,자재리스트!$B$4:$M$92,8,FALSE),) -> KRW | K21: =IFERROR(VLOOKUP($B21,자재리스트!$B$4:$M$92,9,FALSE),) -> 4508312 | L21: =I21*K21 -> 4508312 | M21: =IFERROR(VLOOKUP($B21,자재리스트!$B$4:$M$92,10,FALSE),) -> 사이더스/e-con | N21: =IFERROR(VLOOKUP($B21,자재리스트!$B$4:$M$92,11,FALSE),) -> 거래명세서 | O21: =IFERROR(VLOOKUP($B21,자재리스트!$B$4:$M$92,12,FALSE),) -> - | S21: 1500000
A22: 12 | B22: SZ0012 | C22: =IFERROR(VLOOKUP($B22,자재리스트!$B$4:$M$92,2,FALSE),) -> SMPS | E22: =IFERROR(VLOOKUP($B22,자재리스트!$B$4:$M$92,4,FALSE),) -> Single Board Computer 전원 공급 | F22: =IFERROR(VLOOKUP($B22,자재리스트!$B$4:$M$92,5,FALSE),) -> - | G22: =IFERROR(VLOOKUP($B22,자재리스트!$B$4:$M$92,6,FALSE),) -> 한국 | H22: =IFERROR(VLOOKUP($B22,자재리스트!$B$4:$M$92,7,FALSE),) -> 개 | I22: 1 | J22: =IFERROR(VLOOKUP($B22,자재리스트!$B$4:$M$92,8,FALSE),) -> KRW | K22: =IFERROR(VLOOKUP($B22,자재리스트!$B$4:$M$92,9,FALSE),) -> 150000 | L22: =I22*K22 -> 150000 | M22: =IFERROR(VLOOKUP($B22,자재리스트!$B$4:$M$92,10,FALSE),) -> 파워캅 | N22: =IFERROR(VLOOKUP($B22,자재리스트!$B$4:$M$92,11,FALSE),) -> 거래명세서 | O22: =IFERROR(VLOOKUP($B22,자재리스트!$B$4:$M$92,12,FALSE),) -> - | S22: 3800000
A23: 13 | B23: SZ0014 | C23: =IFERROR(VLOOKUP($B23,자재리스트!$B$4:$M$92,2,FALSE),) -> EMI/EMC filter | E23: =IFERROR(VLOOKUP($B23,자재리스트!$B$4:$M$92,4,FALSE),) -> 정션박스 전자파 차폐용 | F23: =IFERROR(VLOOKUP($B23,자재리스트!$B$4:$M$92,5,FALSE),) -> - | G23: =IFERROR(VLOOKUP($B23,자재리스트!$B$4:$M$92,6,FALSE),) -> 한국 | H23: =IFERROR(VLOOKUP($B23,자재리스트!$B$4:$M$92,7,FALSE),) -> 개 | I23: 1 | J23: =IFERROR(VLOOKUP($B23,자재리스트!$B$4:$M$92,8,FALSE),) -> KRW | K23: =IFERROR(VLOOKUP($B23,자재리스트!$B$4:$M$92,9,FALSE),) -> 77000 | L23: =I23*K23 -> 77000 | M23: =IFERROR(VLOOKUP($B23,자재리스트!$B$4:$M$92,10,FALSE),) -> 오키 | N23: =IFERROR(VLOOKUP($B23,자재리스트!$B$4:$M$92,11,FALSE),) -> 거래명세서 | O23: =IFERROR(VLOOKUP($B23,자재리스트!$B$4:$M$92,12,FALSE),) -> - | S23: 28400000
A24: 14 | B24: SZ0007 | C24: =IFERROR(VLOOKUP($B24,자재리스트!$B$4:$M$92,2,FALSE),) -> Main rack | E24: =IFERROR(VLOOKUP($B24,자재리스트!$B$4:$M$92,4,FALSE),) -> 서버/HUB 등 설치용 Rack | F24: =IFERROR(VLOOKUP($B24,자재리스트!$B$4:$M$92,5,FALSE),) -> - | G24: =IFERROR(VLOOKUP($B24,자재리스트!$B$4:$M$92,6,FALSE),) -> 한국 | H24: =IFERROR(VLOOKUP($B24,자재리스트!$B$4:$M$92,7,FALSE),) -> 개 | I24: 1 | J24: =IFERROR(VLOOKUP($B24,자재리스트!$B$4:$M$92,8,FALSE),) -> KRW | K24: =IFERROR(VLOOKUP($B24,자재리스트!$B$4:$M$92,9,FALSE),) -> 3900000 | L24: =I24*K24 -> 3900000 | M24: =IFERROR(VLOOKUP($B24,자재리스트!$B$4:$M$92,10,FALSE),) -> MRC | N24: =IFERROR(VLOOKUP($B24,자재리스트!$B$4:$M$92,11,FALSE),) -> 거래명세서 | O24: =IFERROR(VLOOKUP($B24,자재리스트!$B$4:$M$92,12,FALSE),) -> -
A25: 15 | B25: SB0002 | C25: =IFERROR(VLOOKUP($B25,자재리스트!$B$4:$M$92,2,FALSE),) -> Network switch | E25: =IFERROR(VLOOKUP($B25,자재리스트!$B$4:$M$92,4,FALSE),) -> 허브 (선급인증품) | F25: =IFERROR(VLOOKUP($B25,자재리스트!$B$4:$M$92,5,FALSE),) -> - | G25: =IFERROR(VLOOKUP($B25,자재리스트!$B$4:$M$92,6,FALSE),) -> 한국 | H25: =IFERROR(VLOOKUP($B25,자재리스트!$B$4:$M$92,7,FALSE),) -> 개 | I25: 2 | J25: =IFERROR(VLOOKUP($B25,자재리스트!$B$4:$M$92,8,FALSE),) -> KRW | K25: =IFERROR(VLOOKUP($B25,자재리스트!$B$4:$M$92,9,FALSE),) -> 1596000 | L25: =I25*K25 -> 3192000 | M25: =IFERROR(VLOOKUP($B25,자재리스트!$B$4:$M$92,10,FALSE),) -> 여의시스템 | N25: =IFERROR(VLOOKUP($B25,자재리스트!$B$4:$M$92,11,FALSE),) -> 거래명세서 | O25: =IFERROR(VLOOKUP($B25,자재리스트!$B$4:$M$92,12,FALSE),) -> -
A26: 16 | B26: SB0006 | C26: =IFERROR(VLOOKUP($B26,자재리스트!$B$4:$M$92,2,FALSE),) -> Serial to Ethernet | E26: =IFERROR(VLOOKUP($B26,자재리스트!$B$4:$M$92,4,FALSE),) -> 시리얼 통신을 LAN으로 변환 | F26: =IFERROR(VLOOKUP($B26,자재리스트!$B$4:$M$92,5,FALSE),) -> - | G26: =IFERROR(VLOOKUP($B26,자재리스트!$B$4:$M$92,6,FALSE),) -> 한국 | H26: =IFERROR(VLOOKUP($B26,자재리스트!$B$4:$M$92,7,FALSE),) -> 개 | I26: 2 | J26: =IFERROR(VLOOKUP($B26,자재리스트!$B$4:$M$92,8,FALSE),) -> KRW | K26: =IFERROR(VLOOKUP($B26,자재리스트!$B$4:$M$92,9,FALSE),) -> 780000 | L26: =I26*K26 -> 1560000 | M26: =IFERROR(VLOOKUP($B26,자재리스트!$B$4:$M$92,10,FALSE),) -> 여의시스템 | N26: =IFERROR(VLOOKUP($B26,자재리스트!$B$4:$M$92,11,FALSE),) -> 거래명세서 | O26: =IFERROR(VLOOKUP($B26,자재리스트!$B$4:$M$92,12,FALSE),) -> -
A27: 17 | B27: SB0013 | C27: =IFERROR(VLOOKUP($B27,자재리스트!$B$4:$M$92,2,FALSE),) -> Actisense OPTO-4 | E27: =IFERROR(VLOOKUP($B27,자재리스트!$B$4:$M$92,4,FALSE),) -> MOXA NPort5450i 케이블 | F27: =IFERROR(VLOOKUP($B27,자재리스트!$B$4:$M$92,5,FALSE),) -> - | G27: =IFERROR(VLOOKUP($B27,자재리스트!$B$4:$M$92,6,FALSE),) -> 한국 | H27: =IFERROR(VLOOKUP($B27,자재리스트!$B$4:$M$92,7,FALSE),) -> 개 | I27: 4 | J27: =IFERROR(VLOOKUP($B27,자재리스트!$B$4:$M$92,8,FALSE),) -> KRW | K27: =IFERROR(VLOOKUP($B27,자재리스트!$B$4:$M$92,9,FALSE),) -> 120000 | L27: =I27*K27 -> 480000 | M27: =IFERROR(VLOOKUP($B27,자재리스트!$B$4:$M$92,10,FALSE),) -> 마린크래프트 | N27: =IFERROR(VLOOKUP($B27,자재리스트!$B$4:$M$92,11,FALSE),) -> 거래명세서 | O27: =IFERROR(VLOOKUP($B27,자재리스트!$B$4:$M$92,12,FALSE),) -> -
A28: 18 | B28: SB0004 | C28: =IFERROR(VLOOKUP($B28,자재리스트!$B$4:$M$92,2,FALSE),) -> Firewall | E28: =IFERROR(VLOOKUP($B28,자재리스트!$B$4:$M$92,4,FALSE),) -> 방화벽 (선급인증품) | F28: =IFERROR(VLOOKUP($B28,자재리스트!$B$4:$M$92,5,FALSE),) -> - | G28: =IFERROR(VLOOKUP($B28,자재리스트!$B$4:$M$92,6,FALSE),) -> 한국 | H28: =IFERROR(VLOOKUP($B28,자재리스트!$B$4:$M$92,7,FALSE),) -> 개 | I28: 1 | J28: =IFERROR(VLOOKUP($B28,자재리스트!$B$4:$M$92,8,FALSE),) -> KRW | K28: =IFERROR(VLOOKUP($B28,자재리스트!$B$4:$M$92,9,FALSE),) -> 3800000 | L28: =I28*K28 -> 3800000 | M28: =IFERROR(VLOOKUP($B28,자재리스트!$B$4:$M$92,10,FALSE),) -> MRC | N28: =IFERROR(VLOOKUP($B28,자재리스트!$B$4:$M$92,11,FALSE),) -> 거래명세서 | O28: =IFERROR(VLOOKUP($B28,자재리스트!$B$4:$M$92,12,FALSE),) -> -
A29: 19 | B29: SB0011 | C29: =IFERROR(VLOOKUP($B29,자재리스트!$B$4:$M$92,2,FALSE),) -> Selector Switch | E29: =IFERROR(VLOOKUP($B29,자재리스트!$B$4:$M$92,4,FALSE),) -> HiNAS control 선택 스위치 | F29: =IFERROR(VLOOKUP($B29,자재리스트!$B$4:$M$92,5,FALSE),) -> - | G29: =IFERROR(VLOOKUP($B29,자재리스트!$B$4:$M$92,6,FALSE),) -> 한국 | H29: =IFERROR(VLOOKUP($B29,자재리스트!$B$4:$M$92,7,FALSE),) -> 개 | I29: 1 | J29: =IFERROR(VLOOKUP($B29,자재리스트!$B$4:$M$92,8,FALSE),) -> USD | K29: =IFERROR(VLOOKUP($B29,자재리스트!$B$4:$M$92,9,FALSE),) -> 1330 | L29: =I29*K29 -> 1330 | M29: =IFERROR(VLOOKUP($B29,자재리스트!$B$4:$M$92,10,FALSE),) -> MRC/YDK | N29: =IFERROR(VLOOKUP($B29,자재리스트!$B$4:$M$92,11,FALSE),) -> 거래명세서 | O29: =IFERROR(VLOOKUP($B29,자재리스트!$B$4:$M$92,12,FALSE),) -> YOKOGAWA (w. DIMMER BOX)
A30: 20 | B30: SE0001 | C30: =IFERROR(VLOOKUP($B30,자재리스트!$B$4:$M$92,2,FALSE),) -> UPS | E30: =IFERROR(VLOOKUP($B30,자재리스트!$B$4:$M$92,4,FALSE),) -> 3kVA, 무정전 전원 공급, Rack type | F30: =IFERROR(VLOOKUP($B30,자재리스트!$B$4:$M$92,5,FALSE),) -> - | G30: =IFERROR(VLOOKUP($B30,자재리스트!$B$4:$M$92,6,FALSE),) -> 한국 | H30: =IFERROR(VLOOKUP($B30,자재리스트!$B$4:$M$92,7,FALSE),) -> 개 | I30: 1 | J30: =IFERROR(VLOOKUP($B30,자재리스트!$B$4:$M$92,8,FALSE),) -> KRW | K30: =IFERROR(VLOOKUP($B30,자재리스트!$B$4:$M$92,9,FALSE),) -> 2840000 | L30: =I30*K30 -> 2840000 | M30: =IFERROR(VLOOKUP($B30,자재리스트!$B$4:$M$92,10,FALSE),) -> 기호티이에스 | N30: =IFERROR(VLOOKUP($B30,자재리스트!$B$4:$M$92,11,FALSE),) -> 거래명세서 | O30: =IFERROR(VLOOKUP($B30,자재리스트!$B$4:$M$92,12,FALSE),) -> 마린필터, network card, 케이블 포함
A31: 21 | B31: SZ0019 | C31: =IFERROR(VLOOKUP($B31,자재리스트!$B$4:$M$92,2,FALSE),) -> 멀티탭 | E31: =IFERROR(VLOOKUP($B31,자재리스트!$B$4:$M$92,4,FALSE),) -> UPS용 | F31: =IFERROR(VLOOKUP($B31,자재리스트!$B$4:$M$92,5,FALSE),) -> - | G31: =IFERROR(VLOOKUP($B31,자재리스트!$B$4:$M$92,6,FALSE),) -> 한국 | H31: =IFERROR(VLOOKUP($B31,자재리스트!$B$4:$M$92,7,FALSE),) -> 개 | I31: 2 | J31: =IFERROR(VLOOKUP($B31,자재리스트!$B$4:$M$92,8,FALSE),) -> KRW | K31: =IFERROR(VLOOKUP($B31,자재리스트!$B$4:$M$92,9,FALSE),) -> 10800 | L31: =I31*K31 -> 21600 | M31: =IFERROR(VLOOKUP($B31,자재리스트!$B$4:$M$92,10,FALSE),) -> 쿠팡 | N31: =IFERROR(VLOOKUP($B31,자재리스트!$B$4:$M$92,11,FALSE),) -> 거래명세서 | O31: =IFERROR(VLOOKUP($B31,자재리스트!$B$4:$M$92,12,FALSE),) -> -
A32: 22 | B32: SZ0020 | C32: =IFERROR(VLOOKUP($B32,자재리스트!$B$4:$M$92,2,FALSE),) -> C13-C14(MALE) | E32: =IFERROR(VLOOKUP($B32,자재리스트!$B$4:$M$92,4,FALSE),) -> UPS용 | F32: =IFERROR(VLOOKUP($B32,자재리스트!$B$4:$M$92,5,FALSE),) -> - | G32: =IFERROR(VLOOKUP($B32,자재리스트!$B$4:$M$92,6,FALSE),) -> 한국 | H32: =IFERROR(VLOOKUP($B32,자재리스트!$B$4:$M$92,7,FALSE),) -> 개 | I32: 3 | J32: =IFERROR(VLOOKUP($B32,자재리스트!$B$4:$M$92,8,FALSE),) -> KRW | K32: =IFERROR(VLOOKUP($B32,자재리스트!$B$4:$M$92,9,FALSE),) -> 9900 | L32: =I32*K32 -> 29700 | M32: =IFERROR(VLOOKUP($B32,자재리스트!$B$4:$M$92,10,FALSE),) -> 한주전자 | N32: =IFERROR(VLOOKUP($B32,자재리스트!$B$4:$M$92,11,FALSE),) -> 거래명세서 | O32: =IFERROR(VLOOKUP($B32,자재리스트!$B$4:$M$92,12,FALSE),) -> -
C34: ※ 자유무역협정의 이행을 위한, 원산지 증명서 관련업무 제출을 위하여 작성, 확인합니다.
C35: 작성자: ( 서명 )

Sheet BOM_(신조) HiNAS Con V2
A2: 소요부품(자재) 명세서(Bill of Materials)
A4: □ 완제품 품명 | C4: : | D4: HiNAS Control
A5: □ HS CODE | C5: :
A6: □ 적용협정 | C6: :
A7: □ 원산지결정기준 | C7: :
A8: □ 원자재 사용내역
A10: 연번 | B10: 자재관리코드 | C10: 품명(자재명) | E10: 기능 및 용도 | F10: 세번부호 (HS No) | G10: 원산지 | H10: 단위 | I10: 소요량 | J10: 통화 | K10: 단가 | L10: 가격 | M10: 구매처 | N10: 입증서류 | O10: 비고
A11: 1 | B11: SM0002 | C11: =IFERROR(VLOOKUP($B11,자재리스트!$B$4:$M$92,2,FALSE),) -> Monitor | E11: =IFERROR(VLOOKUP($B11,자재리스트!$B$4:$M$92,4,FALSE),) -> DOM 58.4인치 모니터 | F11: =IFERROR(VLOOKUP($B11,자재리스트!$B$4:$M$92,5,FALSE),) -> - | G11: =IFERROR(VLOOKUP($B11,자재리스트!$B$4:$M$92,6,FALSE),) -> 한국 | H11: =IFERROR(VLOOKUP($B11,자재리스트!$B$4:$M$92,7,FALSE),) -> 개 | I11: 1 | J11: =IFERROR(VLOOKUP($B11,자재리스트!$B$4:$M$92,8,FALSE),) -> KRW | K11: =IFERROR(VLOOKUP($B11,자재리스트!$B$4:$M$92,9,FALSE),) -> 6540000 | L11: =I11*K11 -> 6540000 | M11: =IFERROR(VLOOKUP($B11,자재리스트!$B$4:$M$92,10,FALSE),) -> MRC/테트라다인 | N11: =IFERROR(VLOOKUP($B11,자재리스트!$B$4:$M$92,11,FALSE),) -> 거래명세서 | O11: =IFERROR(VLOOKUP($B11,자재리스트!$B$4:$M$92,12,FALSE),) -> RCU, RCU cable, RS485 cable, bracket 포함
A12: 2 | B12: SM0003 | C12: =IFERROR(VLOOKUP($B12,자재리스트!$B$4:$M$92,2,FALSE),) -> Monitor | E12: =IFERROR(VLOOKUP($B12,자재리스트!$B$4:$M$92,4,FALSE),) -> 32인치 모니터 | F12: =IFERROR(VLOOKUP($B12,자재리스트!$B$4:$M$92,5,FALSE),) -> - | G12: =IFERROR(VLOOKUP($B12,자재리스트!$B$4:$M$92,6,FALSE),) -> 한국 | H12: =IFERROR(VLOOKUP($B12,자재리스트!$B$4:$M$92,7,FALSE),) -> 개 | I12: 1 | J12: =IFERROR(VLOOKUP($B12,자재리스트!$B$4:$M$92,8,FALSE),) -> KRW | K12: =IFERROR(VLOOKUP($B12,자재리스트!$B$4:$M$92,9,FALSE),) -> 4480000 | L12: =I12*K12 -> 4480000 | M12: =IFERROR(VLOOKUP($B12,자재리스트!$B$4:$M$92,10,FALSE),) -> MRC/테트라다인 | N12: =IFERROR(VLOOKUP($B12,자재리스트!$B$4:$M$92,11,FALSE),) -> 거래명세서 | O12: =IFERROR(VLOOKUP($B12,자재리스트!$B$4:$M$92,12,FALSE),) -> RCU, RCU cable, RS485 cable, bracket 포함
A13: 3 | B13: SS0001 | C13: =IFERROR(VLOOKUP($B13,자재리스트!$B$4:$M$92,2,FALSE),) -> Server | E13: =IFERROR(VLOOKUP($B13,자재리스트!$B$4:$M$92,4,FALSE),) -> 메인 서버 | F13: =IFERROR(VLOOKUP($B13,자재리스트!$B$4:$M$92,5,FALSE),) -> - | G13: =IFERROR(VLOOKUP($B13,자재리스트!$B$4:$M$92,6,FALSE),) -> 중국 | H13: =IFERROR(VLOOKUP($B13,자재리스트!$B$4:$M$92,7,FALSE),) -> 개 | I13: 2 | J13: =IFERROR(VLOOKUP($B13,자재리스트!$B$4:$M$92,8,FALSE),) -> KRW | K13: =IFERROR(VLOOKUP($B13,자재리스트!$B$4:$M$92,9,FALSE),) -> 3320000 | L13: =I13*K13 -> 6640000 | M13: =IFERROR(VLOOKUP($B13,자재리스트!$B$4:$M$92,10,FALSE),) -> 테트라다인 | N13: =IFERROR(VLOOKUP($B13,자재리스트!$B$4:$M$92,11,FALSE),) -> 거래명세서 | O13: =IFERROR(VLOOKUP($B13,자재리스트!$B$4:$M$92,12,FALSE),) -> -
A14: 4 | B14: SS0002 | C14: =IFERROR(VLOOKUP($B14,자재리스트!$B$4:$M$92,2,FALSE),) -> Client | E14: =IFERROR(VLOOKUP($B14,자재리스트!$B$4:$M$92,4,FALSE),) -> 클라이언트 서버 | F14: =IFERROR(VLOOKUP($B14,자재리스트!$B$4:$M$92,5,FALSE),) -> - | G14: =IFERROR(VLOOKUP($B14,자재리스트!$B$4:$M$92,6,FALSE),) -> 중국 | H14: =IFERROR(VLOOKUP($B14,자재리스트!$B$4:$M$92,7,FALSE),) -> 개 | I14: 2 | J14: =IFERROR(VLOOKUP($B14,자재리스트!$B$4:$M$92,8,FALSE),) -> KRW | K14: =IFERROR(VLOOKUP($B14,자재리스트!$B$4:$M$92,9,FALSE),) -> 1820000 | L14: =I14*K14 -> 3640000 | M14: =IFERROR(VLOOKUP($B14,자재리스트!$B$4:$M$92,10,FALSE),) -> 테트라다인 | N14: =IFERROR(VLOOKUP($B14,자재리스트!$B$4:$M$92,11,FALSE),) -> 거래명세서 | O14: =IFERROR(VLOOKUP($B14,자재리스트!$B$4:$M$92,12,FALSE),) -> -
A15: 5 | B15: SZ0006 | C15: =IFERROR(VLOOKUP($B15,자재리스트!$B$4:$M$92,2,FALSE),) -> Keyboard with trackball | E15: =IFERROR(VLOOKUP($B15,자재리스트!$B$4:$M$92,4,FALSE),) -> 선급인증품 | F15: =IFERROR(VLOOKUP($B15,자재리스트!$B$4:$M$92,5,FALSE),) -> - | G15: =IFERROR(VLOOKUP($B15,자재리스트!$B$4:$M$92,6,FALSE),) -> 한국 | H15: =IFERROR(VLOOKUP($B15,자재리스트!$B$4:$M$92,7,FALSE),) -> 세트 | I15: 2 | J15: =IFERROR(VLOOKUP($B15,자재리스트!$B$4:$M$92,8,FALSE),) -> KRW | K15: =IFERROR(VLOOKUP($B15,자재리스트!$B$4:$M$92,9,FALSE),) -> 1200000 | L15: =I15*K15 -> 2400000 | M15: =IFERROR(VLOOKUP($B15,자재리스트!$B$4:$M$92,10,FALSE),) -> 피앤피컴포넌츠 | N15: =IFERROR(VLOOKUP($B15,자재리스트!$B$4:$M$92,11,FALSE),) -> 거래명세서 | O15: =IFERROR(VLOOKUP($B15,자재리스트!$B$4:$M$92,12,FALSE),) -> panel mount / flush type
A16: 6 | B16: SC0020 | C16: =IFERROR(VLOOKUP($B16,자재리스트!$B$4:$M$92,2,FALSE),) -> NAS camera housing | E16: =IFERROR(VLOOKUP($B16,자재리스트!$B$4:$M$92,4,FALSE),) -> 하우징 | F16: =IFERROR(VLOOKUP($B16,자재리스트!$B$4:$M$92,5,FALSE),) -> - | G16: =IFERROR(VLOOKUP($B16,자재리스트!$B$4:$M$92,6,FALSE),) -> 한국 | H16: =IFERROR(VLOOKUP($B16,자재리스트!$B$4:$M$92,7,FALSE),) -> 개 | I16: 1 | J16: =IFERROR(VLOOKUP($B16,자재리스트!$B$4:$M$92,8,FALSE),) -> KRW | K16: =IFERROR(VLOOKUP($B16,자재리스트!$B$4:$M$92,9,FALSE),) -> 4000000 | L16: =I16*K16 -> 4000000 | M16: =IFERROR(VLOOKUP($B16,자재리스트!$B$4:$M$92,10,FALSE),) -> MRC | N16: =IFERROR(VLOOKUP($B16,자재리스트!$B$4:$M$92,11,FALSE),) -> 거래명세서 | O16: =IFERROR(VLOOKUP($B16,자재리스트!$B$4:$M$92,12,FALSE),) -> -
A17: 7 | B17: SC0016 | C17: =IFERROR(VLOOKUP($B17,자재리스트!$B$4:$M$92,2,FALSE),) -> NAS Camera housing cable | E17: =IFERROR(VLOOKUP($B17,자재리스트!$B$4:$M$92,4,FALSE),) -> 2세대 카메라하우징 케이블 | F17: =IFERROR(VLOOKUP($B17,자재리스트!$B$4:$M$92,5,FALSE),) -> - | G17: =IFERROR(VLOOKUP($B17,자재리스트!$B$4:$M$92,6,FALSE),) -> 한국 | H17: =IFERROR(VLOOKUP($B17,자재리스트!$B$4:$M$92,7,FALSE),) -> 개 | I17: 6 | J17: =IFERROR(VLOOKUP($B17,자재리스트!$B$4:$M$92,8,FALSE),) -> KRW | K17: =IFERROR(VLOOKUP($B17,자재리스트!$B$4:$M$92,9,FALSE),) -> 211840 | L17: =I17*K17 -> 1271040 | M17: =IFERROR(VLOOKUP($B17,자재리스트!$B$4:$M$92,10,FALSE),) -> 미림테크놀러지 | N17: =IFERROR(VLOOKUP($B17,자재리스트!$B$4:$M$92,11,FALSE),) -> 거래명세서 | O17: =IFERROR(VLOOKUP($B17,자재리스트!$B$4:$M$92,12,FALSE),) -> -
A18: 8 | B18: SC0018 | C18: =IFERROR(VLOOKUP($B18,자재리스트!$B$4:$M$92,2,FALSE),) -> EO Camera | E18: =IFERROR(VLOOKUP($B18,자재리스트!$B$4:$M$92,4,FALSE),) -> 광학 카메라(4K) | F18: =IFERROR(VLOOKUP($B18,자재리스트!$B$4:$M$92,5,FALSE),) -> - | G18: =IFERROR(VLOOKUP($B18,자재리스트!$B$4:$M$92,6,FALSE),) -> 한국 | H18: =IFERROR(VLOOKUP($B18,자재리스트!$B$4:$M$92,7,FALSE),) -> 세트 | I18: 1 | J18: =IFERROR(VLOOKUP($B18,자재리스트!$B$4:$M$92,8,FALSE),) -> KRW | K18: =IFERROR(VLOOKUP($B18,자재리스트!$B$4:$M$92,9,FALSE),) -> 2079000 | L18: =I18*K18 -> 2079000 | M18: =IFERROR(VLOOKUP($B18,자재리스트!$B$4:$M$92,10,FALSE),) -> 아르게스마린 | N18: =IFERROR(VLOOKUP($B18,자재리스트!$B$4:$M$92,11,FALSE),) -> 거래명세서 | O18: =IFERROR(VLOOKUP($B18,자재리스트!$B$4:$M$92,12,FALSE),) -> w. IR Ip-board, EO glass, Receptacle harness, Waterproof cap
A19: 9 | B19: SC0002 | C19: =IFERROR(VLOOKUP($B19,자재리스트!$B$4:$M$92,2,FALSE),) -> IR camera | E19: =IFERROR(VLOOKUP($B19,자재리스트!$B$4:$M$92,4,FALSE),) -> 열화상 카메라 | F19: =IFERROR(VLOOKUP($B19,자재리스트!$B$4:$M$92,5,FALSE),) -> - | G19: =IFERROR(VLOOKUP($B19,자재리스트!$B$4:$M$92,6,FALSE),) -> 미국 | H19: =IFERROR(VLOOKUP($B19,자재리스트!$B$4:$M$92,7,FALSE),) -> 개 | I19: 3 | J19: =IFERROR(VLOOKUP($B19,자재리스트!$B$4:$M$92,8,FALSE),) -> KRW | K19: =IFERROR(VLOOKUP($B19,자재리스트!$B$4:$M$92,9,FALSE),) -> 2487523 | L19: =I19*K19 -> 7462569 | M19: =IFERROR(VLOOKUP($B19,자재리스트!$B$4:$M$92,10,FALSE),) -> IRKEN/FLIR | N19: =IFERROR(VLOOKUP($B19,자재리스트!$B$4:$M$92,11,FALSE),) -> 거래명세서 | O19: =IFERROR(VLOOKUP($B19,자재리스트!$B$4:$M$92,12,FALSE),) -> w. VPC KIT
A20: 10 | B20: SC0019 | C20: =IFERROR(VLOOKUP($B20,자재리스트!$B$4:$M$92,2,FALSE),) -> IR camera window | E20: =IFERROR(VLOOKUP($B20,자재리스트!$B$4:$M$92,4,FALSE),) -> 열화상 카메라 윈도우 | F20: =IFERROR(VLOOKUP($B20,자재리스트!$B$4:$M$92,5,FALSE),) -> - | G20: =IFERROR(VLOOKUP($B20,자재리스트!$B$4:$M$92,6,FALSE),) -> 중국 | H20: =IFERROR(VLOOKUP($B20,자재리스트!$B$4:$M$92,7,FALSE),) -> 개 | I20: 3 | J20: =IFERROR(VLOOKUP($B20,자재리스트!$B$4:$M$92,8,FALSE),) -> KRW | K20: =IFERROR(VLOOKUP($B20,자재리스트!$B$4:$M$92,9,FALSE),) -> 279889 | L20: =I20*K20 -> 839667 | M20: =IFERROR(VLOOKUP($B20,자재리스트!$B$4:$M$92,10,FALSE),) -> 센서캠 | N20: =IFERROR(VLOOKUP($B20,자재리스트!$B$4:$M$92,11,FALSE),) -> 거래명세서 | O20: =IFERROR(VLOOKUP($B20,자재리스트!$B$4:$M$92,12,FALSE),) -> 2세대 용 (직경 45mm)
A21: 11 | B21: SZ0007 | C21: =IFERROR(VLOOKUP($B21,자재리스트!$B$4:$M$92,2,FALSE),) -> Main rack | E21: =IFERROR(VLOOKUP($B21,자재리스트!$B$4:$M$92,4,FALSE),) -> 서버/HUB 등 설치용 Rack | F21: =IFERROR(VLOOKUP($B21,자재리스트!$B$4:$M$92,5,FALSE),) -> - | G21: =IFERROR(VLOOKUP($B21,자재리스트!$B$4:$M$92,6,FALSE),) -> 한국 | H21: =IFERROR(VLOOKUP($B21,자재리스트!$B$4:$M$92,7,FALSE),) -> 개 | I21: 1 | J21: =IFERROR(VLOOKUP($B21,자재리스트!$B$4:$M$92,8,FALSE),) -> KRW | K21: =IFERROR(VLOOKUP($B21,자재리스트!$B$4:$M$92,9,FALSE),) -> 3900000 | L21: =I21*K21 -> 3900000 | M21: =IFERROR(VLOOKUP($B21,자재리스트!$B$4:$M$92,10,FALSE),) -> MRC | N21: =IFERROR(VLOOKUP($B21,자재리스트!$B$4:$M$92,11,FALSE),) -> 거래명세서 | O21: =IFERROR(VLOOKUP($B21,자재리스트!$B$4:$M$92,12,FALSE),) -> -
A22: 12 | B22: SB0002 | C22: =IFERROR(VLOOKUP($B22,자재리스트!$B$4:$M$92,2,FALSE),) -> Network switch | E22: =IFERROR(VLOOKUP($B22,자재리스트!$B$4:$M$92,4,FALSE),) -> 허브 (선급인증품) | F22: =IFERROR(VLOOKUP($B22,자재리스트!$B$4:$M$92,5,FALSE),) -> - | G22: =IFERROR(VLOOKUP($B22,자재리스트!$B$4:$M$92,6,FALSE),) -> 한국 | H22: =IFERROR(VLOOKUP($B22,자재리스트!$B$4:$M$92,7,FALSE),) -> 개 | I22: 2 | J22: =IFERROR(VLOOKUP($B22,자재리스트!$B$4:$M$92,8,FALSE),) -> KRW | K22: =IFERROR(VLOOKUP($B22,자재리스트!$B$4:$M$92,9,FALSE),) -> 1596000 | L22: =I22*K22 -> 3192000 | M22: =IFERROR(VLOOKUP($B22,자재리스트!$B$4:$M$92,10,FALSE),) -> 여의시스템 | N22: =IFERROR(VLOOKUP($B22,자재리스트!$B$4:$M$92,11,FALSE),) -> 거래명세서 | O22: =IFERROR(VLOOKUP($B22,자재리스트!$B$4:$M$92,12,FALSE),) -> -
... A31: 21 | B31: SB0025 | C31: =IFERROR(VLOOKUP($B31,자재리스트!$B$4:$M$92,2,FALSE),) -> UNO2-PS-1AC-24DC-240W | E31: =IFERROR(VLOOKUP($B31,자재리스트!$B$4:$M$92,4,FALSE),) -> POE SWITCH 용 240W 파워 서플라이 | F31: =IFERROR(VLOOKUP($B31,자재리스트!$B$4:$M$92,5,FALSE),) -> - | G31: =IFERROR(VLOOKUP($B31,자재리스트!$B$4:$M$92,6,FALSE),) -> 한국 | H31: =IFERROR(VLOOKUP($B31,자재리스트!$B$4:$M$92,7,FALSE),) -> 개 | I31: 1 | J31: =IFERROR(VLOOKUP($B31,자재리스트!$B$4:$M$92,8,FALSE),) -> KRW | K31: =IFERROR(VLOOKUP($B31,자재리스트!$B$4:$M$92,9,FALSE),) -> 190000 | L31: =I31*K31 -> 190000 | M31: =IFERROR(VLOOKUP($B31,자재리스트!$B$4:$M$92,10,FALSE),) -> 세종전자 | N31: =IFERROR(VLOOKUP($B31,자재리스트!$B$4:$M$92,11,FALSE),) -> 거래명세서 | O31: =IFERROR(VLOOKUP($B31,자재리스트!$B$4:$M$92,12,FALSE),) -> 0
C32: ※ 자유무역협정의 이행을 위한, 원산지 증명서 관련업무 제출을 위하여 작성, 확인합니다.
C33: 작성자: ( 서명 )

Sheet BOM_(신조) HiNAS SVM
A2: 소요부품(자재) 명세서(Bill of Materials)
A4: □ 완제품 품명 | C4: : | D4: (신조) HiNAS SVM
A5: □ HS CODE | C5: : | D5: BS
A6: □ 적용협정 | C6: :
A7: □ 원산지결정기준 | C7: :
A8: □ 원자재 사용내역
A10: 연번 | B10: 자재관리코드 | C10: 품명(자재명) | E10: 기능 및 용도 | F10: 세번부호 (HS No) | G10: 원산지 | H10: 단위 | I10: 소요량 | J10: 통화 | K10: 단가 | L10: 가격 | M10: 구매처 | N10: 입증서류 | O10: 비고
A11: 1 | B11: SM0001 | C11: =IFERROR(VLOOKUP($B11,자재리스트!$B$4:$M$92,2,FALSE),) -> Monitor | E11: =IFERROR(VLOOKUP($B11,자재리스트!$B$4:$M$92,4,FALSE),) -> 27인치 모니터 | F11: =IFERROR(VLOOKUP($B11,자재리스트!$B$4:$M$92,5,FALSE),) -> - | G11: =IFERROR(VLOOKUP($B11,자재리스트!$B$5:$M$92,6,FALSE),) -> 0 | H11: =IFERROR(VLOOKUP($B11,자재리스트!$B$4:$M$92,7,FALSE),) -> 개 | I11: 1 | J11: =IFERROR(VLOOKUP($B11,자재리스트!$B$4:$M$92,8,FALSE),) -> KRW | K11: =IFERROR(VLOOKUP($B11,자재리스트!$B$4:$M$92,9,FALSE),) -> 3020000 | L11: =I11*K11 -> 3020000 | M11: =IFERROR(VLOOKUP($B11,자재리스트!$B$4:$M$92,10,FALSE),) -> MRC/테트라다인 | N11: =IFERROR(VLOOKUP($B11,자재리스트!$B$4:$M$92,11,FALSE),) -> 거래명세서 | O11: =IFERROR(VLOOKUP($B11,자재리스트!$B$4:$M$92,12,FALSE),) -> RCU, RCU cable, RS485 cable, bracket 포함
A12: 2 | B12: SS0001 | C12: =IFERROR(VLOOKUP($B12,자재리스트!$B$4:$M$92,2,FALSE),) -> Server | E12: =IFERROR(VLOOKUP($B12,자재리스트!$B$4:$M$92,4,FALSE),) -> 메인 서버 | F12: =IFERROR(VLOOKUP($B12,자재리스트!$B$4:$M$92,5,FALSE),) -> - | G12: =IFERROR(VLOOKUP($B12,자재리스트!$B$5:$M$92,6,FALSE),) -> 중국 | H12: =IFERROR(VLOOKUP($B12,자재리스트!$B$4:$M$92,7,FALSE),) -> 개 | I12: 1 | J12: =IFERROR(VLOOKUP($B12,자재리스트!$B$4:$M$92,8,FALSE),) -> KRW | K12: =IFERROR(VLOOKUP($B12,자재리스트!$B$4:$M$92,9,FALSE),) -> 3320000 | L12: =I12*K12 -> 3320000 | M12: =IFERROR(VLOOKUP($B12,자재리스트!$B$4:$M$92,10,FALSE),) -> 테트라다인 | N12: =IFERROR(VLOOKUP($B12,자재리스트!$B$4:$M$92,11,FALSE),) -> 거래명세서 | O12: =IFERROR(VLOOKUP($B12,자재리스트!$B$4:$M$92,12,FALSE),) -> -
A13: 3 | B13: SC0006 | C13: =IFERROR(VLOOKUP($B13,자재리스트!$B$4:$M$92,2,FALSE),) -> IP camera | E13: =IFERROR(VLOOKUP($B13,자재리스트!$B$4:$M$92,4,FALSE),) -> 카메라 | F13: =IFERROR(VLOOKUP($B13,자재리스트!$B$4:$M$92,5,FALSE),) -> - | G13: =IFERROR(VLOOKUP($B13,자재리스트!$B$5:$M$92,6,FALSE),) -> 한국 | H13: =IFERROR(VLOOKUP($B13,자재리스트!$B$4:$M$92,7,FALSE),) -> 개 | I13: 6 | J13: =IFERROR(VLOOKUP($B13,자재리스트!$B$4:$M$92,8,FALSE),) -> KRW | K13: =IFERROR(VLOOKUP($B13,자재리스트!$B$4:$M$92,9,FALSE),) -> 1500000 | L13: =I13*K13 -> 9000000 | M13: =IFERROR(VLOOKUP($B13,자재리스트!$B$4:$M$92,10,FALSE),) -> 아르게스마린 | N13: =IFERROR(VLOOKUP($B13,자재리스트!$B$4:$M$92,11,FALSE),) -> 거래명세서 | O13: =IFERROR(VLOOKUP($B13,자재리스트!$B$4:$M$92,12,FALSE),) -> -
A14: 5 | B14: SB0022 | C14: =IFERROR(VLOOKUP($B14,자재리스트!$B$4:$M$92,2,FALSE),) -> Network PoE Switch | E14: =IFERROR(VLOOKUP($B14,자재리스트!$B$4:$M$92,4,FALSE),) -> IP 카메라에 전원 공급 | F14: =IFERROR(VLOOKUP($B14,자재리스트!$B$4:$M$92,5,FALSE),) -> - | G14: =IFERROR(VLOOKUP($B14,자재리스트!$B$5:$M$92,6,FALSE),) -> 한국 | H14: =IFERROR(VLOOKUP($B14,자재리스트!$B$4:$M$92,7,FALSE),) -> 개 | I14: 1 | J14: =IFERROR(VLOOKUP($B14,자재리스트!$B$4:$M$92,8,FALSE),) -> KRW | K14: =IFERROR(VLOOKUP($B14,자재리스트!$B$4:$M$92,9,FALSE),) -> 2213000 | L14: =I14*K14 -> 2213000 | M14: =IFERROR(VLOOKUP($B14,자재리스트!$B$4:$M$92,10,FALSE),) -> 여의시스템 | N14: =IFERROR(VLOOKUP($B14,자재리스트!$B$4:$M$92,11,FALSE),) -> 거래명세서 | O14: =IFERROR(VLOOKUP($B14,자재리스트!$B$4:$M$92,12,FALSE),) -> -
A15: 6 | B15: SB0002 | C15: =IFERROR(VLOOKUP($B15,자재리스트!$B$4:$M$92,2,FALSE),) -> Network switch | E15: =IFERROR(VLOOKUP($B15,자재리스트!$B$4:$M$92,4,FALSE),) -> 허브 (선급인증품) | F15: =IFERROR(VLOOKUP($B15,자재리스트!$B$4:$M$92,5,FALSE),) -> - | G15: =IFERROR(VLOOKUP($B15,자재리스트!$B$5:$M$92,6,FALSE),) -> 한국 | H15: =IFERROR(VLOOKUP($B15,자재리스트!$B$4:$M$92,7,FALSE),) -> 개 | I15: 1 | J15: =IFERROR(VLOOKUP($B15,자재리스트!$B$4:$M$92,8,FALSE),) -> KRW | K15: =IFERROR(VLOOKUP($B15,자재리스트!$B$4:$M$92,9,FALSE),) -> 1596000 | L15: =I15*K15 -> 1596000 | M15: =IFERROR(VLOOKUP($B15,자재리스트!$B$4:$M$92,10,FALSE),) -> 여의시스템 | N15: =IFERROR(VLOOKUP($B15,자재리스트!$B$4:$M$92,11,FALSE),) -> 거래명세서 | O15: =IFERROR(VLOOKUP($B15,자재리스트!$B$4:$M$92,12,FALSE),) -> -
A16: 7 | B16: SZ0017 | C16: =IFERROR(VLOOKUP($B16,자재리스트!$B$4:$M$92,2,FALSE),) -> Junction Box | E16: =IFERROR(VLOOKUP($B16,자재리스트!$B$4:$M$92,4,FALSE),) -> PoE Extender 용 | F16: =IFERROR(VLOOKUP($B16,자재리스트!$B$4:$M$92,5,FALSE),) -> - | G16: =IFERROR(VLOOKUP($B16,자재리스트!$B$5:$M$92,6,FALSE),) -> 한국 | H16: =IFERROR(VLOOKUP($B16,자재리스트!$B$4:$M$92,7,FALSE),) -> 개 | I16: 1 | J16: =IFERROR(VLOOKUP($B16,자재리스트!$B$4:$M$92,8,FALSE),) -> KRW | K16: =IFERROR(VLOOKUP($B16,자재리스트!$B$4:$M$92,9,FALSE),) -> 505000 | L16: =I16*K16 -> 505000 | M16: =IFERROR(VLOOKUP($B16,자재리스트!$B$4:$M$92,10,FALSE),) -> MRC | N16: =IFERROR(VLOOKUP($B16,자재리스트!$B$4:$M$92,11,FALSE),) -> 거래명세서 | O16: =IFERROR(VLOOKUP($B16,자재리스트!$B$4:$M$92,12,FALSE),) -> 명판 포함
A17: 8 | B17: SB0021 | C17: =IFERROR(VLOOKUP($B17,자재리스트!$B$4:$M$92,2,FALSE),) -> PoE-Extender | E17: =IFERROR(VLOOKUP($B17,자재리스트!$B$4:$M$92,4,FALSE),) -> LAN 통신 거리 연장 | F17: =IFERROR(VLOOKUP($B17,자재리스트!$B$4:$M$92,5,FALSE),) -> - | G17: =IFERROR(VLOOKUP($B17,자재리스트!$B$5:$M$92,6,FALSE),) -> 한국 | H17: =IFERROR(VLOOKUP($B17,자재리스트!$B$4:$M$92,7,FALSE),) -> 개 | I17: 1 | J17: =IFERROR(VLOOKUP($B17,자재리스트!$B$4:$M$92,8,FALSE),) -> KRW | K17: =IFERROR(VLOOKUP($B17,자재리스트!$B$4:$M$92,9,FALSE),) -> 310000 | L17: =I17*K17 -> 310000 | M17: =IFERROR(VLOOKUP($B17,자재리스트!$B$4:$M$92,10,FALSE),) -> 아르게스마린 | N17: =IFERROR(VLOOKUP($B17,자재리스트!$B$4:$M$92,11,FALSE),) -> 거래명세서 | O17: =IFERROR(VLOOKUP($B17,자재리스트!$B$4:$M$92,12,FALSE),) -> -
A18: 9 | B18: SB0014 | C18: =IFERROR(VLOOKUP($B18,자재리스트!$B$4:$M$92,2,FALSE),) -> UNO2-PS-1AC-48DC-240W | E18: =IFERROR(VLOOKUP($B18,자재리스트!$B$4:$M$92,4,FALSE),) -> PoE HUB용 240W 파워 서플라이 | F18: =IFERROR(VLOOKUP($B18,자재리스트!$B$4:$M$92,5,FALSE),) -> - | G18: =IFERROR(VLOOKUP($B18,자재리스트!$B$5:$M$92,6,FALSE),) -> 한국 | H18: =IFERROR(VLOOKUP($B18,자재리스트!$B$4:$M$92,7,FALSE),) -> 개 | I18: 2 | J18: =IFERROR(VLOOKUP($B18,자재리스트!$B$4:$M$92,8,FALSE),) -> KRW | K18: =IFERROR(VLOOKUP($B18,자재리스트!$B$4:$M$92,9,FALSE),) -> 145000 | L18: =I18*K18 -> 290000 | M18: =IFERROR(VLOOKUP($B18,자재리스트!$B$4:$M$92,10,FALSE),) -> 세종전자 | N18: =IFERROR(VLOOKUP($B18,자재리스트!$B$4:$M$92,11,FALSE),) -> 거래명세서 | O18: =IFERROR(VLOOKUP($B18,자재리스트!$B$4:$M$92,12,FALSE),) -> -
A19: 10 | B19: SZ0002 | C19: =IFERROR(VLOOKUP($B19,자재리스트!$B$4:$M$92,2,FALSE),) -> Junction Box | E19: =IFERROR(VLOOKUP($B19,자재리스트!$B$4:$M$92,4,FALSE),) -> LRP Injector용 | F19: =IFERROR(VLOOKUP($B19,자재리스트!$B$4:$M$92,5,FALSE),) -> - | G19: =IFERROR(VLOOKUP($B19,자재리스트!$B$5:$M$92,6,FALSE),) -> 한국 | H19: =IFERROR(VLOOKUP($B19,자재리스트!$B$4:$M$92,7,FALSE),) -> 개 | I19: 5 | J19: =IFERROR(VLOOKUP($B19,자재리스트!$B$4:$M$92,8,FALSE),) -> KRW | K19: =IFERROR(VLOOKUP($B19,자재리스트!$B$4:$M$92,9,FALSE),) -> 505000 | L19: =I19*K19 -> 2525000 | M19: =IFERROR(VLOOKUP($B19,자재리스트!$B$4:$M$92,10,FALSE),) -> MRC | N19: =IFERROR(VLOOKUP($B19,자재리스트!$B$4:$M$92,11,FALSE),) -> 거래명세서 | O19: =IFERROR(VLOOKUP($B19,자재리스트!$B$4:$M$92,12,FALSE),) -> 명판 포함
A20: 11 | B20: SZ0010 | C20: =IFERROR(VLOOKUP($B20,자재리스트!$B$4:$M$92,2,FALSE),) -> Junction Box | E20: =IFERROR(VLOOKUP($B20,자재리스트!$B$4:$M$92,4,FALSE),) -> LRP Extender용 | F20: =IFERROR(VLOOKUP($B20,자재리스트!$B$4:$M$92,5,FALSE),) -> - | G20: =IFERROR(VLOOKUP($B20,자재리스트!$B$5:$M$92,6,FALSE),) -> 한국 | H20: =IFERROR(VLOOKUP($B20,자재리스트!$B$4:$M$92,7,FALSE),) -> 개 | I20: 5 | J20: =IFERROR(VLOOKUP($B20,자재리스트!$B$4:$M$92,8,FALSE),) -> KRW | K20: =IFERROR(VLOOKUP($B20,자재리스트!$B$4:$M$92,9,FALSE),) -> 505000 | L20: =I20*K20 -> 2525000 | M20: =IFERROR(VLOOKUP($B20,자재리스트!$B$4:$M$92,10,FALSE),) -> MRC | N20: =IFERROR(VLOOKUP($B20,자재리스트!$B$4:$M$92,11,FALSE),) -> 거래명세서 | O20: =IFERROR(VLOOKUP($B20,자재리스트!$B$4:$M$92,12,FALSE),) -> 명판 포함
A21: 12 | B21: SB0008 | C21: =IFERROR(VLOOKUP($B21,자재리스트!$B$4:$M$92,2,FALSE),) -> LRP | E21: =IFERROR(VLOOKUP($B21,자재리스트!$B$4:$M$92,4,FALSE),) -> LAN 통신 거리 연장 및 전원공급 | F21: =IFERROR(VLOOKUP($B21,자재리스트!$B$4:$M$92,5,FALSE),) -> - | G21: =IFERROR(VLOOKUP($B21,자재리스트!$B$5:$M$92,6,FALSE),) -> 한국 | H21: =IFERROR(VLOOKUP($B21,자재리스트!$B$4:$M$92,7,FALSE),) -> 세트 | I21: 5 | J21: =IFERROR(VLOOKUP($B21,자재리스트!$B$4:$M$92,8,FALSE),) -> KRW | K21: =IFERROR(VLOOKUP($B21,자재리스트!$B$4:$M$92,9,FALSE),) -> 292000 | L21: =I21*K21 -> 1460000 | M21: =IFERROR(VLOOKUP($B21,자재리스트!$B$4:$M$92,10,FALSE),) -> 제씨테크 | N21: =IFERROR(VLOOKUP($B21,자재리스트!$B$4:$M$92,11,FALSE),) -> 거래명세서 | O21: =IFERROR(VLOOKUP($B21,자재리스트!$B$4:$M$92,12,FALSE),) -> w. SMPS
A22: 13 | B22: SB0015 | C22: =IFERROR(VLOOKUP($B22,자재리스트!$B$4:$M$92,2,FALSE),) -> UNO-PS-1AC-48DC-60W | E22: =IFERROR(VLOOKUP($B22,자재리스트!$B$4:$M$92,4,FALSE),) -> LRP용 60W 파워 서플라이 | F22: =IFERROR(VLOOKUP($B22,자재리스트!$B$4:$M$92,5,FALSE),) -> - | G22: =IFERROR(VLOOKUP($B22,자재리스트!$B$5:$M$92,6,FALSE),) -> 한국 | H22: =IFERROR(VLOOKUP($B22,자재리스트!$B$4:$M$92,7,FALSE),) -> 개 | I22: 6 | J22: =IFERROR(VLOOKUP($B22,자재리스트!$B$4:$M$92,8,FALSE),) -> KRW | K22: =IFERROR(VLOOKUP($B22,자재리스트!$B$4:$M$92,9,FALSE),) -> 110000 | L22: =I22*K22 -> 660000 | M22: =IFERROR(VLOOKUP($B22,자재리스트!$B$4:$M$92,10,FALSE),) -> 세종전자 | N22: =IFERROR(VLOOKUP($B22,자재리스트!$B$4:$M$92,11,FALSE),) -> 거래명세서 | O22: =IFERROR(VLOOKUP($B22,자재리스트!$B$4:$M$92,12,FALSE),) -> -
... A26: 17 | B26: SZ0020 | C26: =IFERROR(VLOOKUP($B26,자재리스트!$B$4:$M$92,2,FALSE),) -> C13-C14(MALE) | E26: =IFERROR(VLOOKUP($B26,자재리스트!$B$4:$M$92,4,FALSE),) -> UPS용 | F26: =IFERROR(VLOOKUP($B26,자재리스트!$B$4:$M$92,5,FALSE),) -> - | G26: =IFERROR(VLOOKUP($B26,자재리스트!$B$5:$M$92,6,FALSE),) -> 한국 | H26: =IFERROR(VLOOKUP($B26,자재리스트!$B$4:$M$92,7,FALSE),) -> 개 | I26: 3 | J26: =IFERROR(VLOOKUP($B26,자재리스트!$B$4:$M$92,8,FALSE),) -> KRW | K26: =IFERROR(VLOOKUP($B26,자재리스트!$B$4:$M$92,9,FALSE),) -> 9900 | L26: =I26*K26 -> 29700 | M26: =IFERROR(VLOOKUP($B26,자재리스트!$B$4:$M$92,10,FALSE),) -> 한주전자 | N26: =IFERROR(VLOOKUP($B26,자재리스트!$B$4:$M$92,11,FALSE),) -> 거래명세서 | O26: =IFERROR(VLOOKUP($B26,자재리스트!$B$4:$M$92,12,FALSE),) -> -
C28: ※ 자유무역협정의 이행을 위한, 원산지 증명서 관련업무 제출을 위하여 작성, 확인합니다.
C29: 작성자: ( 서명 )

Sheet BOM_(개조) HiNAS Con SVM
A2: 소요부품(자재) 명세서(Bill of Materials)
A4: □ 완제품 품명 | C4: : | D4: (개조) HiNAS Control/SVM
A5: □ HS CODE | C5: : | D5: RMB
A6: □ 적용협정 | C6: :
A7: □ 원산지결정기준 | C7: :
A8: □ 원자재 사용내역
A10: 연번 | B10: 자재관리코드 | C10: 품명(자재명) | E10: 기능 및 용도 | F10: 세번부호 (HS No) | G10: 원산지 | H10: 단위 | I10: 소요량 | J10: 통화 | K10: 단가 | L10: 가격 | M10: 구매처 | N10: 입증서류 | O10: 비고
A11: 1 | B11: SM0001 | C11: =IFERROR(VLOOKUP($B11,자재리스트!$B$4:$M$92,2,FALSE),) -> Monitor | E11: =IFERROR(VLOOKUP($B11,자재리스트!$B$4:$M$92,4,FALSE),) -> 27인치 모니터 | F11: =IFERROR(VLOOKUP($B11,자재리스트!$B$4:$M$92,5,FALSE),) -> - | G11: =IFERROR(VLOOKUP($B11,자재리스트!$B$5:$M$92,6,FALSE),) -> 0 | H11: =IFERROR(VLOOKUP($B11,자재리스트!$B$4:$M$92,7,FALSE),) -> 개 | I11: 2 | J11: =IFERROR(VLOOKUP($B11,자재리스트!$B$4:$M$92,8,FALSE),) -> KRW | K11: =IFERROR(VLOOKUP($B11,자재리스트!$B$4:$M$92,9,FALSE),) -> 3020000 | L11: =I11*K11 -> 6040000 | M11: =IFERROR(VLOOKUP($B11,자재리스트!$B$4:$M$92,10,FALSE),) -> MRC/테트라다인 | N11: =IFERROR(VLOOKUP($B11,자재리스트!$B$4:$M$92,11,FALSE),) -> 거래명세서 | O11: =IFERROR(VLOOKUP($B11,자재리스트!$B$4:$M$92,12,FALSE),) -> RCU, RCU cable, RS485 cable, bracket 포함
A12: 2 | B12: SS0001 | C12: =IFERROR(VLOOKUP($B12,자재리스트!$B$4:$M$92,2,FALSE),) -> Server | E12: =IFERROR(VLOOKUP($B12,자재리스트!$B$4:$M$92,4,FALSE),) -> 메인 서버 | F12: =IFERROR(VLOOKUP($B12,자재리스트!$B$4:$M$92,5,FALSE),) -> - | G12: =IFERROR(VLOOKUP($B12,자재리스트!$B$5:$M$92,6,FALSE),) -> 중국 | H12: =IFERROR(VLOOKUP($B12,자재리스트!$B$4:$M$92,7,FALSE),) -> 개 | I12: 3 | J12: =IFERROR(VLOOKUP($B12,자재리스트!$B$4:$M$92,8,FALSE),) -> KRW | K12: =IFERROR(VLOOKUP($B12,자재리스트!$B$4:$M$92,9,FALSE),) -> 3320000 | L12: =I12*K12 -> 9960000 | M12: =IFERROR(VLOOKUP($B12,자재리스트!$B$4:$M$92,10,FALSE),) -> 테트라다인 | N12: =IFERROR(VLOOKUP($B12,자재리스트!$B$4:$M$92,11,FALSE),) -> 거래명세서 | O12: =IFERROR(VLOOKUP($B12,자재리스트!$B$4:$M$92,12,FALSE),) -> -
A13: 3 | B13: SC0006 | C13: =IFERROR(VLOOKUP($B13,자재리스트!$B$4:$M$92,2,FALSE),) -> IP camera | E13: =IFERROR(VLOOKUP($B13,자재리스트!$B$4:$M$92,4,FALSE),) -> 카메라 | F13: =IFERROR(VLOOKUP($B13,자재리스트!$B$4:$M$92,5,FALSE),) -> - | G13: =IFERROR(VLOOKUP($B13,자재리스트!$B$5:$M$92,6,FALSE),) -> 한국 | H13: =IFERROR(VLOOKUP($B13,자재리스트!$B$4:$M$92,7,FALSE),) -> 개 | I13: 6 | J13: =IFERROR(VLOOKUP($B13,자재리스트!$B$4:$M$92,8,FALSE),) -> KRW | K13: =IFERROR(VLOOKUP($B13,자재리스트!$B$4:$M$92,9,FALSE),) -> 1500000 | L13: =I13*K13 -> 9000000 | M13: =IFERROR(VLOOKUP($B13,자재리스트!$B$4:$M$92,10,FALSE),) -> 아르게스마린 | N13: =IFERROR(VLOOKUP($B13,자재리스트!$B$4:$M$92,11,FALSE),) -> 거래명세서 | O13: =IFERROR(VLOOKUP($B13,자재리스트!$B$4:$M$92,12,FALSE),) -> -
A14: 5 | B14: SB0002 | C14: =IFERROR(VLOOKUP($B14,자재리스트!$B$4:$M$92,2,FALSE),) -> Network switch | E14: =IFERROR(VLOOKUP($B14,자재리스트!$B$4:$M$92,4,FALSE),) -> 허브 (선급인증품) | F14: =IFERROR(VLOOKUP($B14,자재리스트!$B$4:$M$92,5,FALSE),) -> - | G14: =IFERROR(VLOOKUP($B14,자재리스트!$B$5:$M$92,6,FALSE),) -> 한국 | H14: =IFERROR(VLOOKUP($B14,자재리스트!$B$4:$M$92,7,FALSE),) -> 개 | I14: 3 | J14: =IFERROR(VLOOKUP($B14,자재리스트!$B$4:$M$92,8,FALSE),) -> KRW | K14: =IFERROR(VLOOKUP($B14,자재리스트!$B$4:$M$92,9,FALSE),) -> 1596000 | L14: =I14*K14 -> 4788000 | M14: =IFERROR(VLOOKUP($B14,자재리스트!$B$4:$M$92,10,FALSE),) -> 여의시스템 | N14: =IFERROR(VLOOKUP($B14,자재리스트!$B$4:$M$92,11,FALSE),) -> 거래명세서 | O14: =IFERROR(VLOOKUP($B14,자재리스트!$B$4:$M$92,12,FALSE),) -> -
A15: 6 | B15: SB0007 | C15: =IFERROR(VLOOKUP($B15,자재리스트!$B$4:$M$92,2,FALSE),) -> PoE HUB | E15: =IFERROR(VLOOKUP($B15,자재리스트!$B$4:$M$92,4,FALSE),) -> IP 카메라에 전원 공급 | F15: =IFERROR(VLOOKUP($B15,자재리스트!$B$4:$M$92,5,FALSE),) -> - | G15: =IFERROR(VLOOKUP($B15,자재리스트!$B$5:$M$92,6,FALSE),) -> 한국 | H15: =IFERROR(VLOOKUP($B15,자재리스트!$B$4:$M$92,7,FALSE),) -> 개 | I15: 2 | J15: =IFERROR(VLOOKUP($B15,자재리스트!$B$4:$M$92,8,FALSE),) -> KRW | K15: =IFERROR(VLOOKUP($B15,자재리스트!$B$4:$M$92,9,FALSE),) -> 392500 | L15: =I15*K15 -> 785000 | M15: =IFERROR(VLOOKUP($B15,자재리스트!$B$4:$M$92,10,FALSE),) -> 제씨테크 | N15: =IFERROR(VLOOKUP($B15,자재리스트!$B$4:$M$92,11,FALSE),) -> 거래명세서 | O15: =IFERROR(VLOOKUP($B15,자재리스트!$B$4:$M$92,12,FALSE),) -> w. SMPS
A16: 7 | B16: SB0008 | C16: =IFERROR(VLOOKUP($B16,자재리스트!$B$4:$M$92,2,FALSE),) -> LRP | E16: =IFERROR(VLOOKUP($B16,자재리스트!$B$4:$M$92,4,FALSE),) -> LAN 통신 거리 연장 및 전원공급 | F16: =IFERROR(VLOOKUP($B16,자재리스트!$B$4:$M$92,5,FALSE),) -> - | G16: =IFERROR(VLOOKUP($B16,자재리스트!$B$5:$M$92,6,FALSE),) -> 한국 | H16: =IFERROR(VLOOKUP($B16,자재리스트!$B$4:$M$92,7,FALSE),) -> 세트 | I16: 6 | J16: =IFERROR(VLOOKUP($B16,자재리스트!$B$4:$M$92,8,FALSE),) -> KRW | K16: =IFERROR(VLOOKUP($B16,자재리스트!$B$4:$M$92,9,FALSE),) -> 292000 | L16: =I16*K16 -> 1752000 | M16: =IFERROR(VLOOKUP($B16,자재리스트!$B$4:$M$92,10,FALSE),) -> 제씨테크 | N16: =IFERROR(VLOOKUP($B16,자재리스트!$B$4:$M$92,11,FALSE),) -> 거래명세서 | O16: =IFERROR(VLOOKUP($B16,자재리스트!$B$4:$M$92,12,FALSE),) -> w. SMPS
A17: 8 | B17: SZ0001 | C17: =IFERROR(VLOOKUP($B17,자재리스트!$B$4:$M$92,2,FALSE),) -> Junction Box | E17: =IFERROR(VLOOKUP($B17,자재리스트!$B$4:$M$92,4,FALSE),) -> PoE Hub 용 | F17: =IFERROR(VLOOKUP($B17,자재리스트!$B$4:$M$92,5,FALSE),) -> - | G17: =IFERROR(VLOOKUP($B17,자재리스트!$B$5:$M$92,6,FALSE),) -> 한국 | H17: =IFERROR(VLOOKUP($B17,자재리스트!$B$4:$M$92,7,FALSE),) -> 개 | I17: 2 | J17: =IFERROR(VLOOKUP($B17,자재리스트!$B$4:$M$92,8,FALSE),) -> KRW | K17: =IFERROR(VLOOKUP($B17,자재리스트!$B$4:$M$92,9,FALSE),) -> 505000 | L17: =I17*K17 -> 1010000 | M17: =IFERROR(VLOOKUP($B17,자재리스트!$B$4:$M$92,10,FALSE),) -> MRC | N17: =IFERROR(VLOOKUP($B17,자재리스트!$B$4:$M$92,11,FALSE),) -> 거래명세서 | O17: =IFERROR(VLOOKUP($B17,자재리스트!$B$4:$M$92,12,FALSE),) -> 명판 포함
A18: 9 | B18: SZ0002 | C18: =IFERROR(VLOOKUP($B18,자재리스트!$B$4:$M$92,2,FALSE),) -> Junction Box | E18: =IFERROR(VLOOKUP($B18,자재리스트!$B$4:$M$92,4,FALSE),) -> LRP Injector용 | F18: =IFERROR(VLOOKUP($B18,자재리스트!$B$4:$M$92,5,FALSE),) -> - | G18: =IFERROR(VLOOKUP($B18,자재리스트!$B$5:$M$92,6,FALSE),) -> 한국 | H18: =IFERROR(VLOOKUP($B18,자재리스트!$B$4:$M$92,7,FALSE),) -> 개 | I18: 10 | J18: =IFERROR(VLOOKUP($B18,자재리스트!$B$4:$M$92,8,FALSE),) -> KRW | K18: =IFERROR(VLOOKUP($B18,자재리스트!$B$4:$M$92,9,FALSE),) -> 505000 | L18: =I18*K18 -> 5050000 | M18: =IFERROR(VLOOKUP($B18,자재리스트!$B$4:$M$92,10,FALSE),) -> MRC | N18: =IFERROR(VLOOKUP($B18,자재리스트!$B$4:$M$92,11,FALSE),) -> 거래명세서 | O18: =IFERROR(VLOOKUP($B18,자재리스트!$B$4:$M$92,12,FALSE),) -> 명판 포함
A19: 10 | B19: SZ0003 | C19: =IFERROR(VLOOKUP($B19,자재리스트!$B$4:$M$92,2,FALSE),) -> Junction Box | E19: =IFERROR(VLOOKUP($B19,자재리스트!$B$4:$M$92,4,FALSE),) -> 방폭형, LRP Extender용 | F19: =IFERROR(VLOOKUP($B19,자재리스트!$B$4:$M$92,5,FALSE),) -> - | G19: =IFERROR(VLOOKUP($B19,자재리스트!$B$5:$M$92,6,FALSE),) -> 한국 | H19: =IFERROR(VLOOKUP($B19,자재리스트!$B$4:$M$92,7,FALSE),) -> 개 | I19: 2 | J19: =IFERROR(VLOOKUP($B19,자재리스트!$B$4:$M$92,8,FALSE),) -> KRW | K19: =IFERROR(VLOOKUP($B19,자재리스트!$B$4:$M$92,9,FALSE),) -> 1800000 | L19: =I19*K19 -> 3600000 | M19: =IFERROR(VLOOKUP($B19,자재리스트!$B$4:$M$92,10,FALSE),) -> MRC | N19: =IFERROR(VLOOKUP($B19,자재리스트!$B$4:$M$92,11,FALSE),) -> 거래명세서 | O19: =IFERROR(VLOOKUP($B19,자재리스트!$B$4:$M$92,12,FALSE),) -> -
A20: 12 | B20: SB0022 | C20: =IFERROR(VLOOKUP($B20,자재리스트!$B$4:$M$92,2,FALSE),) -> Network PoE Switch | E20: =IFERROR(VLOOKUP($B20,자재리스트!$B$4:$M$92,4,FALSE),) -> IP 카메라에 전원 공급 | F20: =IFERROR(VLOOKUP($B20,자재리스트!$B$4:$M$92,5,FALSE),) -> - | G20: =IFERROR(VLOOKUP($B20,자재리스트!$B$5:$M$92,6,FALSE),) -> 한국 | H20: =IFERROR(VLOOKUP($B20,자재리스트!$B$4:$M$92,7,FALSE),) -> 개 | I20: 1 | J20: =IFERROR(VLOOKUP($B20,자재리스트!$B$4:$M$92,8,FALSE),) -> KRW | K20: =IFERROR(VLOOKUP($B20,자재리스트!$B$4:$M$92,9,FALSE),) -> 2213000 | L20: =I20*K20 -> 2213000 | M20: =IFERROR(VLOOKUP($B20,자재리스트!$B$4:$M$92,10,FALSE),) -> 여의시스템 | N20: =IFERROR(VLOOKUP($B20,자재리스트!$B$4:$M$92,11,FALSE),) -> 거래명세서 | O20: =IFERROR(VLOOKUP($B20,자재리스트!$B$4:$M$92,12,FALSE),) -> -
A21: 13 | B21: SB0006 | C21: =IFERROR(VLOOKUP($B21,자재리스트!$B$4:$M$92,2,FALSE),) -> Serial to Ethernet | E21: =IFERROR(VLOOKUP($B21,자재리스트!$B$4:$M$92,4,FALSE),) -> 시리얼 통신을 LAN으로 변환 | F21: =IFERROR(VLOOKUP($B21,자재리스트!$B$4:$M$92,5,FALSE),) -> - | G21: =IFERROR(VLOOKUP($B21,자재리스트!$B$5:$M$92,6,FALSE),) -> 한국 | H21: =IFERROR(VLOOKUP($B21,자재리스트!$B$4:$M$92,7,FALSE),) -> 개 | I21: 1 | J21: =IFERROR(VLOOKUP($B21,자재리스트!$B$4:$M$92,8,FALSE),) -> KRW | K21: =IFERROR(VLOOKUP($B21,자재리스트!$B$4:$M$92,9,FALSE),) -> 780000 | L21: =I21*K21 -> 780000 | M21: =IFERROR(VLOOKUP($B21,자재리스트!$B$4:$M$92,10,FALSE),) -> 여의시스템 | N21: =IFERROR(VLOOKUP($B21,자재리스트!$B$4:$M$92,11,FALSE),) -> 거래명세서 | O21: =IFERROR(VLOOKUP($B21,자재리스트!$B$4:$M$92,12,FALSE),) -> -
A22: 14 | B22: SZ0005 | C22: =IFERROR(VLOOKUP($B22,자재리스트!$B$4:$M$92,2,FALSE),) -> keyboard & mouse | E22: =IFERROR(VLOOKUP($B22,자재리스트!$B$4:$M$92,4,FALSE),) -> 입력기기 | F22: =IFERROR(VLOOKUP($B22,자재리스트!$B$4:$M$92,5,FALSE),) -> - | G22: =IFERROR(VLOOKUP($B22,자재리스트!$B$5:$M$92,6,FALSE),) -> 한국 | H22: =IFERROR(VLOOKUP($B22,자재리스트!$B$4:$M$92,7,FALSE),) -> 세트 | I22: 2 | J22: =IFERROR(VLOOKUP($B22,자재리스트!$B$4:$M$92,8,FALSE),) -> KRW | K22: =IFERROR(VLOOKUP($B22,자재리스트!$B$4:$M$92,9,FALSE),) -> 50000 | L22: =I22*K22 -> 100000 | M22: =IFERROR(VLOOKUP($B22,자재리스트!$B$4:$M$92,10,FALSE),) -> MRC | N22: =IFERROR(VLOOKUP($B22,자재리스트!$B$4:$M$92,11,FALSE),) -> 거래명세서 | O22: =IFERROR(VLOOKUP($B22,자재리스트!$B$4:$M$92,12,FALSE),) -> -
... A37: 29 | B37: SS0009 | C37: =IFERROR(VLOOKUP($B37,자재리스트!$B$4:$M$92,2,FALSE),) -> 0 | E37: =IFERROR(VLOOKUP($B37,자재리스트!$B$4:$M$92,4,FALSE),) -> 0 | F37: =IFERROR(VLOOKUP($B37,자재리스트!$B$4:$M$92,5,FALSE),) -> 0 | G37: =IFERROR(VLOOKUP($B37,자재리스트!$B$5:$M$92,6,FALSE),) -> 0 | H37: =IFERROR(VLOOKUP($B37,자재리스트!$B$4:$M$92,7,FALSE),) -> 0 | I37: 8 | J37: =IFERROR(VLOOKUP($B37,자재리스트!$B$4:$M$92,8,FALSE),) -> 0 | K37: =IFERROR(VLOOKUP($B37,자재리스트!$B$4:$M$92,9,FALSE),) -> 0 | L37: =I37*K37 -> 0 | M37: =IFERROR(VLOOKUP($B37,자재리스트!$B$4:$M$92,10,FALSE),) -> 0 | N37: =IFERROR(VLOOKUP($B37,자재리스트!$B$4:$M$92,11,FALSE),) -> 0 | O37: =IFERROR(VLOOKUP($B37,자재리스트!$B$4:$M$92,12,FALSE),) -> 0
C38: ※ 자유무역협정의 이행을 위한, 원산지 증명서 관련업무 제출을 위하여 작성, 확인합니다.
C39: 작성자: ( 서명 )

Sheet BOM_(개조) HiNAS Control
A2: 소요부품(자재) 명세서(Bill of Materials)
A4: □ 완제품 품명 | C4: : | D4: (개조) HiNAS Control
A5: □ HS CODE | C5: : | D5: RMS
A6: □ 적용협정 | C6: :
A7: □ 원산지결정기준 | C7: :
A8: □ 원자재 사용내역
A10: 연번 | B10: 자재관리코드 | C10: 품명(자재명) | E10: 기능 및 용도 | F10: 세번부호 (HS No) | G10: 원산지 | H10: 단위 | I10: 소요량 | J10: 통화 | K10: 단가 | L10: 가격 | M10: 구매처 | N10: 입증서류 | O10: 비고
A11: 1 | B11: SM0001 | C11: =IFERROR(VLOOKUP($B11,자재리스트!$B$4:$M$92,2,FALSE),) -> Monitor | E11: =IFERROR(VLOOKUP($B11,자재리스트!$B$4:$M$92,4,FALSE),) -> 27인치 모니터 | F11: =IFERROR(VLOOKUP($B11,자재리스트!$B$4:$M$92,5,FALSE),) -> - | G11: =IFERROR(VLOOKUP($B11,자재리스트!$B$4:$M$92,6,FALSE),) -> 한국 | H11: =IFERROR(VLOOKUP($B11,자재리스트!$B$4:$M$92,7,FALSE),) -> 개 | I11: 1 | J11: =IFERROR(VLOOKUP($B11,자재리스트!$B$4:$M$92,8,FALSE),) -> KRW | K11: =IFERROR(VLOOKUP($B11,자재리스트!$B$4:$M$92,9,FALSE),) -> 3020000 | L11: =I11*K11 -> 3020000 | M11: =IFERROR(VLOOKUP($B11,자재리스트!$B$4:$M$92,10,FALSE),) -> MRC/테트라다인 | N11: =IFERROR(VLOOKUP($B11,자재리스트!$B$4:$M$92,11,FALSE),) -> 거래명세서 | O11: =IFERROR(VLOOKUP($B11,자재리스트!$B$4:$M$92,12,FALSE),) -> RCU, RCU cable, RS485 cable, bracket 포함
A12: 2 | B12: SS0001 | C12: =IFERROR(VLOOKUP($B12,자재리스트!$B$4:$M$92,2,FALSE),) -> Server | E12: =IFERROR(VLOOKUP($B12,자재리스트!$B$4:$M$92,4,FALSE),) -> 메인 서버 | F12: =IFERROR(VLOOKUP($B12,자재리스트!$B$4:$M$92,5,FALSE),) -> - | G12: =IFERROR(VLOOKUP($B12,자재리스트!$B$4:$M$92,6,FALSE),) -> 중국 | H12: =IFERROR(VLOOKUP($B12,자재리스트!$B$4:$M$92,7,FALSE),) -> 개 | I12: 2 | J12: =IFERROR(VLOOKUP($B12,자재리스트!$B$4:$M$92,8,FALSE),) -> KRW | K12: =IFERROR(VLOOKUP($B12,자재리스트!$B$4:$M$92,9,FALSE),) -> 3320000 | L12: =I12*K12 -> 6640000 | M12: =IFERROR(VLOOKUP($B12,자재리스트!$B$4:$M$92,10,FALSE),) -> 테트라다인 | N12: =IFERROR(VLOOKUP($B12,자재리스트!$B$4:$M$92,11,FALSE),) -> 거래명세서 | O12: =IFERROR(VLOOKUP($B12,자재리스트!$B$4:$M$92,12,FALSE),) -> -
A13: 3 | B13: SS0003 | C13: =IFERROR(VLOOKUP($B13,자재리스트!$B$4:$M$92,2,FALSE),) -> Single Board Computer | E13: =IFERROR(VLOOKUP($B13,자재리스트!$B$4:$M$92,4,FALSE),) -> 카메라와 서버 연동 | F13: =IFERROR(VLOOKUP($B13,자재리스트!$B$4:$M$92,5,FALSE),) -> - | G13: =IFERROR(VLOOKUP($B13,자재리스트!$B$4:$M$92,6,FALSE),) -> 인도 | H13: =IFERROR(VLOOKUP($B13,자재리스트!$B$4:$M$92,7,FALSE),) -> 개 | I13: 1 | J13: =IFERROR(VLOOKUP($B13,자재리스트!$B$4:$M$92,8,FALSE),) -> KRW | K13: =IFERROR(VLOOKUP($B13,자재리스트!$B$4:$M$92,9,FALSE),) -> 4508312 | L13: =I13*K13 -> 4508312 | M13: =IFERROR(VLOOKUP($B13,자재리스트!$B$4:$M$92,10,FALSE),) -> 사이더스/e-con | N13: =IFERROR(VLOOKUP($B13,자재리스트!$B$4:$M$92,11,FALSE),) -> 거래명세서 | O13: =IFERROR(VLOOKUP($B13,자재리스트!$B$4:$M$92,12,FALSE),) -> -
A14: 4 | B14: SC0010 | C14: =IFERROR(VLOOKUP($B14,자재리스트!$B$4:$M$92,2,FALSE),) -> EO Camera | E14: =IFERROR(VLOOKUP($B14,자재리스트!$B$4:$M$92,4,FALSE),) -> 광학 카메라(4K) | F14: =IFERROR(VLOOKUP($B14,자재리스트!$B$4:$M$92,5,FALSE),) -> - | G14: =IFERROR(VLOOKUP($B14,자재리스트!$B$4:$M$92,6,FALSE),) -> 인도 | H14: =IFERROR(VLOOKUP($B14,자재리스트!$B$4:$M$92,7,FALSE),) -> 개 | I14: 3 | J14: =IFERROR(VLOOKUP($B14,자재리스트!$B$4:$M$92,8,FALSE),) -> KRW | K14: =IFERROR(VLOOKUP($B14,자재리스트!$B$4:$M$92,9,FALSE),) -> 532576 | L14: =I14*K14 -> 1597728 | M14: =IFERROR(VLOOKUP($B14,자재리스트!$B$4:$M$92,10,FALSE),) -> 사이더스/e-con | N14: =IFERROR(VLOOKUP($B14,자재리스트!$B$4:$M$92,11,FALSE),) -> 거래명세서 | O14: =IFERROR(VLOOKUP($B14,자재리스트!$B$4:$M$92,12,FALSE),) -> w. GMSL cable
A15: 5 | B15: SC0002 | C15: =IFERROR(VLOOKUP($B15,자재리스트!$B$4:$M$92,2,FALSE),) -> IR camera | E15: =IFERROR(VLOOKUP($B15,자재리스트!$B$4:$M$92,4,FALSE),) -> 열화상 카메라 | F15: =IFERROR(VLOOKUP($B15,자재리스트!$B$4:$M$92,5,FALSE),) -> - | G15: =IFERROR(VLOOKUP($B15,자재리스트!$B$4:$M$92,6,FALSE),) -> 미국 | H15: =IFERROR(VLOOKUP($B15,자재리스트!$B$4:$M$92,7,FALSE),) -> 개 | I15: 3 | J15: =IFERROR(VLOOKUP($B15,자재리스트!$B$4:$M$92,8,FALSE),) -> KRW | K15: =IFERROR(VLOOKUP($B15,자재리스트!$B$4:$M$92,9,FALSE),) -> 2487523 | L15: =I15*K15 -> 7462569 | M15: =IFERROR(VLOOKUP($B15,자재리스트!$B$4:$M$92,10,FALSE),) -> IRKEN/FLIR | N15: =IFERROR(VLOOKUP($B15,자재리스트!$B$4:$M$92,11,FALSE),) -> 거래명세서 | O15: =IFERROR(VLOOKUP($B15,자재리스트!$B$4:$M$92,12,FALSE),) -> w. VPC KIT
A16: 6 | B16: SC0003 | C16: =IFERROR(VLOOKUP($B16,자재리스트!$B$4:$M$92,2,FALSE),) -> IR camera window | E16: =IFERROR(VLOOKUP($B16,자재리스트!$B$4:$M$92,4,FALSE),) -> 열화상 카메라 윈도우 | F16: =IFERROR(VLOOKUP($B16,자재리스트!$B$4:$M$92,5,FALSE),) -> - | G16: =IFERROR(VLOOKUP($B16,자재리스트!$B$4:$M$92,6,FALSE),) -> 중국 | H16: =IFERROR(VLOOKUP($B16,자재리스트!$B$4:$M$92,7,FALSE),) -> 개 | I16: 3 | J16: =IFERROR(VLOOKUP($B16,자재리스트!$B$4:$M$92,8,FALSE),) -> KRW | K16: =IFERROR(VLOOKUP($B16,자재리스트!$B$4:$M$92,9,FALSE),) -> 220965 | L16: =I16*K16 -> 662895 | M16: =IFERROR(VLOOKUP($B16,자재리스트!$B$4:$M$92,10,FALSE),) -> 센서캠 | N16: =IFERROR(VLOOKUP($B16,자재리스트!$B$4:$M$92,11,FALSE),) -> 거래명세서 | O16: =IFERROR(VLOOKUP($B16,자재리스트!$B$4:$M$92,12,FALSE),) -> 1세대 용 (직경 42mm)
A17: 7 | B17: SC0004 | C17: =IFERROR(VLOOKUP($B17,자재리스트!$B$4:$M$92,2,FALSE),) -> NAS camera housing | E17: =IFERROR(VLOOKUP($B17,자재리스트!$B$4:$M$92,4,FALSE),) -> 하우징 | F17: =IFERROR(VLOOKUP($B17,자재리스트!$B$4:$M$92,5,FALSE),) -> - | G17: =IFERROR(VLOOKUP($B17,자재리스트!$B$4:$M$92,6,FALSE),) -> 한국 | H17: =IFERROR(VLOOKUP($B17,자재리스트!$B$4:$M$92,7,FALSE),) -> 개 | I17: 1 | J17: =IFERROR(VLOOKUP($B17,자재리스트!$B$4:$M$92,8,FALSE),) -> KRW | K17: =IFERROR(VLOOKUP($B17,자재리스트!$B$4:$M$92,9,FALSE),) -> 4300000 | L17: =I17*K17 -> 4300000 | M17: =IFERROR(VLOOKUP($B17,자재리스트!$B$4:$M$92,10,FALSE),) -> MRC | N17: =IFERROR(VLOOKUP($B17,자재리스트!$B$4:$M$92,11,FALSE),) -> 거래명세서 | O17: =IFERROR(VLOOKUP($B17,자재리스트!$B$4:$M$92,12,FALSE),) -> -
A18: 8 | B18: SC0005 | C18: =IFERROR(VLOOKUP($B18,자재리스트!$B$4:$M$92,2,FALSE),) -> NAS junction box | E18: =IFERROR(VLOOKUP($B18,자재리스트!$B$4:$M$92,4,FALSE),) -> 정션박스 | F18: =IFERROR(VLOOKUP($B18,자재리스트!$B$4:$M$92,5,FALSE),) -> - | G18: =IFERROR(VLOOKUP($B18,자재리스트!$B$4:$M$92,6,FALSE),) -> 한국 | H18: =IFERROR(VLOOKUP($B18,자재리스트!$B$4:$M$92,7,FALSE),) -> 개 | I18: 1 | J18: =IFERROR(VLOOKUP($B18,자재리스트!$B$4:$M$92,8,FALSE),) -> KRW | K18: =IFERROR(VLOOKUP($B18,자재리스트!$B$4:$M$92,9,FALSE),) -> 1000000 | L18: =I18*K18 -> 1000000 | M18: =IFERROR(VLOOKUP($B18,자재리스트!$B$4:$M$92,10,FALSE),) -> MRC | N18: =IFERROR(VLOOKUP($B18,자재리스트!$B$4:$M$92,11,FALSE),) -> 거래명세서 | O18: =IFERROR(VLOOKUP($B18,자재리스트!$B$4:$M$92,12,FALSE),) -> -
A19: 9 | B19: SB0002 | C19: =IFERROR(VLOOKUP($B19,자재리스트!$B$4:$M$92,2,FALSE),) -> Network switch | E19: =IFERROR(VLOOKUP($B19,자재리스트!$B$4:$M$92,4,FALSE),) -> 허브 (선급인증품) | F19: =IFERROR(VLOOKUP($B19,자재리스트!$B$4:$M$92,5,FALSE),) -> - | G19: =IFERROR(VLOOKUP($B19,자재리스트!$B$4:$M$92,6,FALSE),) -> 한국 | H19: =IFERROR(VLOOKUP($B19,자재리스트!$B$4:$M$92,7,FALSE),) -> 개 | I19: 2 | J19: =IFERROR(VLOOKUP($B19,자재리스트!$B$4:$M$92,8,FALSE),) -> KRW | K19: =IFERROR(VLOOKUP($B19,자재리스트!$B$4:$M$92,9,FALSE),) -> 1596000 | L19: =I19*K19 -> 3192000 | M19: =IFERROR(VLOOKUP($B19,자재리스트!$B$4:$M$92,10,FALSE),) -> 여의시스템 | N19: =IFERROR(VLOOKUP($B19,자재리스트!$B$4:$M$92,11,FALSE),) -> 거래명세서 | O19: =IFERROR(VLOOKUP($B19,자재리스트!$B$4:$M$92,12,FALSE),) -> -
A20: 10 | B20: SB0004 | C20: =IFERROR(VLOOKUP($B20,자재리스트!$B$4:$M$92,2,FALSE),) -> Firewall | E20: =IFERROR(VLOOKUP($B20,자재리스트!$B$4:$M$92,4,FALSE),) -> 방화벽 (선급인증품) | F20: =IFERROR(VLOOKUP($B20,자재리스트!$B$4:$M$92,5,FALSE),) -> - | G20: =IFERROR(VLOOKUP($B20,자재리스트!$B$4:$M$92,6,FALSE),) -> 한국 | H20: =IFERROR(VLOOKUP($B20,자재리스트!$B$4:$M$92,7,FALSE),) -> 개 | I20: 1 | J20: =IFERROR(VLOOKUP($B20,자재리스트!$B$4:$M$92,8,FALSE),) -> KRW | K20: =IFERROR(VLOOKUP($B20,자재리스트!$B$4:$M$92,9,FALSE),) -> 3800000 | L20: =I20*K20 -> 3800000 | M20: =IFERROR(VLOOKUP($B20,자재리스트!$B$4:$M$92,10,FALSE),) -> MRC | N20: =IFERROR(VLOOKUP($B20,자재리스트!$B$4:$M$92,11,FALSE),) -> 거래명세서 | O20: =IFERROR(VLOOKUP($B20,자재리스트!$B$4:$M$92,12,FALSE),) -> -
A21: 11 | B21: SB0006 | C21: =IFERROR(VLOOKUP($B21,자재리스트!$B$4:$M$92,2,FALSE),) -> Serial to Ethernet | E21: =IFERROR(VLOOKUP($B21,자재리스트!$B$4:$M$92,4,FALSE),) -> 시리얼 통신을 LAN으로 변환 | F21: =IFERROR(VLOOKUP($B21,자재리스트!$B$4:$M$92,5,FALSE),) -> - | G21: =IFERROR(VLOOKUP($B21,자재리스트!$B$4:$M$92,6,FALSE),) -> 한국 | H21: =IFERROR(VLOOKUP($B21,자재리스트!$B$4:$M$92,7,FALSE),) -> 개 | I21: 1 | J21: =IFERROR(VLOOKUP($B21,자재리스트!$B$4:$M$92,8,FALSE),) -> KRW | K21: =IFERROR(VLOOKUP($B21,자재리스트!$B$4:$M$92,9,FALSE),) -> 780000 | L21: =I21*K21 -> 780000 | M21: =IFERROR(VLOOKUP($B21,자재리스트!$B$4:$M$92,10,FALSE),) -> 여의시스템 | N21: =IFERROR(VLOOKUP($B21,자재리스트!$B$4:$M$92,11,FALSE),) -> 거래명세서 | O21: =IFERROR(VLOOKUP($B21,자재리스트!$B$4:$M$92,12,FALSE),) -> -
A22: 12 | B22: SB0011 | C22: =IFERROR(VLOOKUP($B22,자재리스트!$B$4:$M$92,2,FALSE),) -> Selector Switch | E22: =IFERROR(VLOOKUP($B22,자재리스트!$B$4:$M$92,4,FALSE),) -> HiNAS control 선택 스위치 | F22: =IFERROR(VLOOKUP($B22,자재리스트!$B$4:$M$92,5,FALSE),) -> - | G22: =IFERROR(VLOOKUP($B22,자재리스트!$B$4:$M$92,6,FALSE),) -> 한국 | H22: =IFERROR(VLOOKUP($B22,자재리스트!$B$4:$M$92,7,FALSE),) -> 개 | I22: 1 | J22: =IFERROR(VLOOKUP($B22,자재리스트!$B$4:$M$92,8,FALSE),) -> USD | K22: =IFERROR(VLOOKUP($B22,자재리스트!$B$4:$M$92,9,FALSE),) -> 1330 | L22: =I22*K22 -> 1330 | M22: =IFERROR(VLOOKUP($B22,자재리스트!$B$4:$M$92,10,FALSE),) -> MRC/YDK | N22: =IFERROR(VLOOKUP($B22,자재리스트!$B$4:$M$92,11,FALSE),) -> 거래명세서 | O22: =IFERROR(VLOOKUP($B22,자재리스트!$B$4:$M$92,12,FALSE),) -> YOKOGAWA (w. DIMMER BOX)
... A26: 16 | B26: SM0005 | C26: =IFERROR(VLOOKUP($B26,자재리스트!$B$4:$M$92,2,FALSE),) -> Tablet PC | E26: =IFERROR(VLOOKUP($B26,자재리스트!$B$4:$M$92,4,FALSE),) -> Portable 모니터 | F26: =IFERROR(VLOOKUP($B26,자재리스트!$B$4:$M$92,5,FALSE),) -> - | G26: =IFERROR(VLOOKUP($B26,자재리스트!$B$4:$M$92,6,FALSE),) -> 한국 | H26: =IFERROR(VLOOKUP($B26,자재리스트!$B$4:$M$92,7,FALSE),) -> 개 | I26: 1 | J26: =IFERROR(VLOOKUP($B26,자재리스트!$B$4:$M$92,8,FALSE),) -> KRW | K26: =IFERROR(VLOOKUP($B26,자재리스트!$B$4:$M$92,9,FALSE),) -> 650000 | L26: =I26*K26 -> 650000 | M26: =IFERROR(VLOOKUP($B26,자재리스트!$B$4:$M$92,10,FALSE),) -> 컴퓨존 | N26: =IFERROR(VLOOKUP($B26,자재리스트!$B$4:$M$92,11,FALSE),) -> 거래명세서 | O26: =IFERROR(VLOOKUP($B26,자재리스트!$B$4:$M$92,12,FALSE),) -> COVER CASE, POWER ADAPTER 포함
C28: ※ 자유무역협정의 이행을 위한, 원산지 증명서 관련업무 제출을 위하여 작성, 확인합니다.
C29: 작성자: ( 서명 )

Sheet 자재리스트
B1: 자재리스트
Q2: 자재관리코드
B3: 자재관리코드 | C3: 품명(자재명) | D3: Maker Part Number | E3: 기능 및 용도 | F3: 세번부호 (HS No) | G3: 원산지 | H3: 단위 | I3: 통화 | J3: 단가 | K3: 구매처 | L3: 입증서류 | M3: 비 고(부연설명) | N3: 모델명 | W3: -
B4: SM0001 | C4: Monitor | D4: SM0001-MON01 | E4: 27인치 모니터 | F4: - | G4: 한국 | H4: 개 | I4: KRW | J4: =2520000+300000+200000 -> 3020000 | K4: MRC/테트라다인 | L4: 거래명세서 | M4: RCU, RCU cable, RS485 cable, bracket 포함 | N4: TIMX-W270 | Q4: ① | R4: ② | S4: ③ | X4: ④
B5: SM0002 | C5: Monitor | D5: SM0004-DOM02 | E5: DOM 58.4인치 모니터 | F5: - | G5: 한국 | H5: 개 | I5: KRW | J5: =5860000+530000+150000 -> 6540000 | K5: MRC/테트라다인 | L5: 거래명세서 | M5: RCU, RCU cable, RS485 cable, bracket 포함 | N5: TIMX-UW584
B6: SM0003 | C6: Monitor | D6: SM0003-MON02 | E6: 32인치 모니터 | F6: - | G6: 한국 | H6: 개 | I6: KRW | J6: =3950000+530000 -> 4480000 | K6: MRC/테트라다인 | L6: 거래명세서 | M6: RCU, RCU cable, RS485 cable, bracket 포함 | N6: TIMX-W320 | Q6: ① 용도 구분
B7: SM0004 | C7: Monitor | D7: SM0004-DOM01 | E7: DOM 49.5인치 모니터 | F7: - | G7: 한국 | H7: 개 | I7: KRW | J7: =5260000+550000 -> 5810000 | K7: MRC/테트라다인 | L7: 거래명세서 | M7: RCU, RCU cable, RS485 cable, bracket 포함 | N7: TIMX-UW495 | Q7: S | R7: : 상선제품용
B8: SM0005 | C8: Tablet PC | D8: SM0005-TAB01 | E8: Portable 모니터 | F8: - | G8: 한국 | H8: 개 | I8: KRW | J8: 650000 | K8: 컴퓨존 | L8: 거래명세서 | M8: COVER CASE, POWER ADAPTER 포함 | N8: SM-X520NZAAKOO | Q8: B | R8: : 보트제품용
B9: SM0006 | C9: Dimmer Switch | D9: SM0006-DIM01 | E9: DOM 모니터 Dimming | F9: - | G9: 한국 | H9: 개 | I9: KRW | J9: 530000 | K9: MRC/테트라다인 | L9: 거래명세서 | M9: 58.4인치 | N9: TD-RCU | Q9: C | R9: : 공용
B10: SM0007 | C10: Dimmer Switch | D10: SM0007-DIM02 | E10: 모니터 Dimming | F10: - | G10: 한국 | H10: 개 | I10: KRW | J10: 530000 | K10: MRC/테트라다인 | L10: 거래명세서 | M10: 32인치 | N10: TD-RCU
B11: SM0008 | C11: Monitor | D11: SM0008-SVM01 | E11: SVM 24인치 모니터 | F11: - | G11: 한국 | H11: 개 | I11: KRW | J11: 895000 | K11: 아르게스마린 | L11: 거래명세서 | M11: - | N11: - | Q11: ② 품목군 분류
B12: SM0009 | C12: Monitor | D12: SM0009-DOM03 | E12: DOM 49.5인치 모니터 | F12: - | G12: 한국 | H12: 개 | I12: KRW | J12: 5216000 | K12: 일진앤드 | L12: 인보이스 | M12: - | N12: - | Q12: M: 모니터 | T12: L: 거리 측정 및 확장
F13: - | Q13: S: 서버PC | T13: B: 허브 및 스위치
B14: SS0001 | C14: Server | D14: SS0001-SER02 | E14: 메인 서버 | F14: - | G14: 중국 | H14: 개 | I14: KRW | J14: 3320000 | K14: 테트라다인 | L14: 거래명세서 | M14: - | N14: Dell PC OptiPlex XE4 Tower (i7) | Q14: C: 카메라 및 구성품 | T14: Z: ETC
B15: SS0002 | C15: Client | D15: SS0002-SER03 | E15: 클라이언트 서버 | F15: - | G15: 중국 | H15: 개 | I15: KRW | J15: 1820000 | K15: 테트라다인 | L15: 거래명세서 | M15: - | N15: Dell PC OptiPlex XE4 Tower (i5) | Q15: E: 전원/통신 공급 및 연동
B16: SS0003 | C16: Single Board Computer | D16: SS0003-SBC01 | E16: 카메라와 서버 연동 | F16: - | G16: 인도 | H16: 개 | I16: KRW | J16: 4508312 | K16: 사이더스/e-con | L16: 거래명세서 | M16: - | N16: HUBBLE_CARRIER_BRD_BX
B17: SS0004 | C17: Single Board Computer | D17: SS0004-SBC02 | E17: 카메라와 서버 연동 | F17: - | G17: 인도 | H17: 개 | I17: KRW | J17: 468700 | K17: 사이더스/e-con | L17: 거래명세서 | M17: - | N17: NANO | Q17: ③ 일련번호 순차 채번(0001~9999)
F18: -
B19: SC0001 | C19: EO camera | D19: SC0001-EOC01 | E19: 광학 카메라 | F19: - | G19: 인도 | H19: 개 | I19: KRW | J19: 470000 | K19: 사이더스/e-con | L19: 거래명세서 | M19: w. GMSL cable | N19: NileCAM21_CUXVR | Q19: ④ 동일 자재 구분 번호(01~99)
B20: SC0002 | C20: IR camera | D20: SC0002-IRC01 | E20: 열화상 카메라 | F20: - | G20: 미국 | H20: 개 | I20: KRW | J20: =2206523+281000 -> 2487523 | K20: IRKEN/FLIR | L20: 거래명세서 | M20: w. VPC KIT | N20: Boson640-8.7mm
B21: SC0003 | C21: IR camera window | D21: SC0003-IWN01 | E21: 열화상 카메라 윈도우 | F21: - | G21: 중국 | H21: 개 | I21: KRW | J21: =1473.1*150 -> 220965 | K21: 센서캠 | L21: 거래명세서 | M21: 1세대 용 (직경 42mm) | N21: -
B22: SC0004 | C22: NAS camera housing | D22: SC0004-NCH01 | E22: 하우징 | F22: - | G22: 한국 | H22: 개 | I22: KRW | J22: 4300000 | K22: MRC | L22: 거래명세서 | M22: - | N22: V1.0
B23: SC0005 | C23: NAS junction box | D23: SC0005-NJB01 | E23: 정션박스 | F23: - | G23: 한국 | H23: 개 | I23: KRW | J23: 1000000 | K23: MRC | L23: 거래명세서 | M23: - | N23: V1.0
B24: SC0006 | C24: IP camera | D24: SC0006-IPC01 | E24: 카메라 | F24: - | G24: 한국 | H24: 개 | I24: KRW | J24: 1500000 | K24: 아르게스마린 | L24: 거래명세서 | M24: - | N24: GC-F12BN
B25: SC0007 | C25: IP camera | D25: SC0007-AIC02 | E25: 방폭카메라 | F25: - | G25: 한국 | H25: 개 | I25: KRW | J25: 2500000 | K25: 아르게스마린 | L25: 거래명세서 | M25: - | N25: GC-XFBN-12F
B26: SC0008 | C26: IP camera housing | D26: SC0008-ICH01 | E26: 카메라 하우징 | F26: - | G26: 한국 | H26: 개 | I26: KRW | J26: 2500000 | K26: MRC | L26: 거래명세서 | M26: - | N26: -
B27: SC0009 | C27: IP camera housing | D27: SC0009-ACH02 | E27: 방폭카메라 하우징 | F27: - | G27: 한국 | H27: 개 | I27: KRW | J27: 3500000 | K27: MRC | L27: 거래명세서 | M27: AVEC-ExDome-M04 | N27: AVEC-ExDome-M04
B28: SC0010 | C28: EO Camera | D28: SC0010-EOC02 | E28: 광학 카메라(4K) | F28: - | G28: 인도 | H28: 개 | I28: KRW | J28: =356*1496 -> 532576 | K28: 사이더스/e-con | L28: 거래명세서 | M28: w. GMSL cable | N28: STURDeCAM81
B29: SC0011 | C29: LiDAR bracket | D29: SC0011-LBR01 | E29: 브라켓 | F29: - | G29: 한국 | H29: 개 | I29: KRW | J29: 150000 | K29: MRC | L29: 거래명세서 | M29: - | N29: -
B30: SC0012 | C30: EO camera | D30: SC0012-EOC03 | E30: 광학 카메라(BAS) | F30: - | G30: 인도 | H30: 개 | I30: KRW | J30: 298960 | K30: 사이더스/e-con | L30: 거래명세서 | M30: - | N30: See3CAM_CU135_CH_TC
B31: SC0013 | C31: IP camera housing | D31: SC0013-ICH02 | E31: 카메라 하우징(AS) - 사각타입 | F31: - | G31: 한국 | H31: 개 | I31: KRW | J31: 900000 | K31: MRC | L31: 거래명세서 | M31: - | N31: IP CAMERA housing V1.0
B32: SC0014 | C32: IP camera | D32: SC0014-IPC02 | E32: 카메라 하우징(AS) - 원형타입 | F32: - | G32: 한국 | H32: 개 | I32: KRW | J32: 1400000 | K32: MRC | L32: 거래명세서 | M32: - | N32: IP CAMERA with housing V2.0
B33: SC0015 | C33: IP camera housing | D33: SC0015-ICH03 | E33: 카메라 하우징(AS) - 사각타입 | F33: - | G33: 한국 | H33: 개 | I33: KRW | J33: 1000000 | K33: MRC | L33: 거래명세서 | M33: - | N33: IP CAMERA housing V1.0 (회수)
B34: SC0016 | C34: NAS Camera housing cable | D34: SC0016-CAB01 | E34: 2세대 카메라하우징 케이블 | F34: - | G34: 한국 | H34: 개 | I34: KRW | J34: 211840 | K34: 미림테크놀러지 | L34: 거래명세서 | M34: - | N34: -
B35: SC0017 | C35: IP camera | D35: SC0017-IPC03 | E35: 카메라(AS) | F35: - | G35: 한국 | H35: 개 | I35: KRW | J35: 800000 | K35: MRC | L35: 거래명세서 | M35: - | N35: XNF-8010RV
B36: SC0018 | C36: EO Camera | D36: SC0018-EOC03 | E36: 광학 카메라(4K) | F36: - | G36: 한국 | H36: 세트 | I36: KRW | J36: 2079000 | K36: 아르게스마린 | L36: 거래명세서 | M36: w. IR Ip-board, EO glass, Receptacle harness, Waterproof cap | N36: 2BN module(일체)
B37: SC0019 | C37: IR camera window | D37: SC0019-IWN02 | E37: 열화상 카메라 윈도우 | F37: - | G37: 중국 | H37: 개 | I37: KRW | J37: =1473.1*190 -> 279889 | K37: 센서캠 | L37: 거래명세서 | M37: 2세대 용 (직경 45mm) | N37: -
B38: SC0020 | C38: NAS camera housing | D38: SC0020-NCH02 | E38: 하우징 | F38: - | G38: 한국 | H38: 개 | I38: KRW | J38: 4000000 | K38: MRC | L38: 거래명세서 | M38: - | N38: V2.0
F39: -
B40: SB0001 | C40: L2 Switch | D40: SB0001-L2S01 | E40: 허브 | F40: - | G40: 한국 | H40: 개 | I40: KRW | J40: 100000 | K40: MRC | L40: 거래명세서 | M40: - | N40: Aruba 1430 (R8R45A)
B41: SB0002 | C41: Network switch | D41: SB0002-L2S02 | E41: 허브 (선급인증품) | F41: - | G41: 한국 | H41: 개 | I41: KRW | J41: 1596000 | K41: 여의시스템 | L41: 거래명세서 | M41: - | N41: EDS-G508E
B42: SB0003 | C42: Firewall | D42: SB0003-FIR01 | E42: 방화벽 | F42: - | G42: 한국 | H42: 개 | I42: KRW | K42: MRC | L42: 거래명세서 | M42: - | N42: -
B43: SB0004 | C43: Firewall | D43: SB0004-FIR02 | E43: 방화벽 (선급인증품) | F43: - | G43: 한국 | H43: 개 | I43: KRW | J43: 3800000 | K43: MRC | L43: 거래명세서 | M43: - | N43: FGR-60F
B44: SB0005 | C44: Serial to Ethernet | D44: SB0005-SCO02 | E44: 시리얼 통신을 LAN으로 변환 | F44: - | G44: 한국 | H44: 개 | I44: KRW | J44: 1000000 | K44: MRC | L44: 거래명세서 | M44: - | N44: MDCU
B45: SB0006 | C45: Serial to Ethernet | D45: SB0006-SCO01 | E45: 시리얼 통신을 LAN으로 변환 | F45: - | G45: 한국 | H45: 개 | I45: KRW | J45: 780000 | K45: 여의시스템 | L45: 거래명세서 | M45: - | N45: NPort5450i
B46: SB0007 | C46: PoE HUB | D46: SB0007-POE02 | E46: IP 카메라에 전원 공급 | F46: - | G46: 한국 | H46: 개 | I46: KRW | J46: 392500 | K46: 제씨테크 | L46: 거래명세서 | M46: w. SMPS | N46: IGS-4215-4P4T
B47: SB0008 | C47: LRP | D47: SB0008-LRP02 | E47: LAN 통신 거리 연장 및 전원공급 | F47: - | G47: 한국 | H47: 세트 | I47: KRW | J47: 292000 | K47: 제씨테크 | L47: 거래명세서 | M47: w. SMPS | N47: LRP-101U-KIT
B48: SB0009 | C48: PoE-E201 | D48: SB0009-REP01 | E48: LAN 통신 거리 연장 | F48: - | G48: 한국 | H48: 개 | I48: KRW | J48: 144000 | K48: 제씨테크 | L48: 거래명세서 | M48: - | N48: PoE-E201
B49: SB0010 | C49: PoE-E202 | D49: SB0010-REP02 | E49: LAN 통신 거리 연장 | F49: - | G49: 한국 | H49: 개 | I49: KRW | J49: 180000 | K49: 제씨테크 | L49: 거래명세서 | M49: - | N49: PoE-E202
B50: SB0011 | C50: Selector Switch | D50: SB0011-MSW01 | E50: HiNAS control 선택 스위치 | F50: - | G50: 한국 | H50: 개 | I50: USD | J50: 1330 | K50: MRC/YDK | L50: 거래명세서 | M50: YOKOGAWA (w. DIMMER BOX) | N50: MPH731
B51: SB0012 | C51: LiDAR | D51: SB0012-LID01 | E51: 선박과 안벽간 거리 측정 장비 | F51: - | G51: 한국 | H51: 개 | I51: KRW | J51: 4300000 | K51: OUSTER | L51: 거래명세서 | M51: - | N51: OS1-32U
B52: SB0013 | C52: Actisense OPTO-4 | D52: SB0002-L2S03 | E52: MOXA NPort5450i 케이블 | F52: - | G52: 한국 | H52: 개 | I52: KRW | J52: 120000 | K52: 마린크래프트 | L52: 거래명세서 | M52: - | N52: Actisense OPTO-4
B53: SB0014 | C53: UNO2-PS-1AC-48DC-240W | D53: SB0014-PSU02 | E53: PoE HUB용 240W 파워 서플라이 | F53: - | G53: 한국 | H53: 개 | I53: KRW | J53: 145000 | K53: 세종전자 | L53: 거래명세서 | M53: - | N53: UNO2-PS-1AC-48DC-240W
B54: SB0015 | C54: UNO-PS-1AC-48DC-60W | D54: SB0015-PSU03 | E54: LRP용 60W 파워 서플라이 | F54: - | G54: 한국 | H54: 개 | I54: KRW | J54: 110000 | K54: 세종전자 | L54: 거래명세서 | M54: - | N54: UNO-PS-1AC-48DC-60W
... B63: SB0024 | C63: LRP | D63: SB0024-LRP03 | E63: LAN 통신 거리 연장 및 전원공급 | F63: - | G63: 한국 | H63: 세트 | I63: KRW | J63: 450500 | K63: 제씨테크 | L63: 거래명세서 | M63: w. SMPS | N63: LRP-111U-KIT
B64: SB0025 | C64: UNO2-PS-1AC-24DC-240W | D64: SB0025-PSU04 | E64: POE SWITCH 용 240W 파워 서플라이 | F64: - | G64: 한국 | H64: 개 | I64: KRW | J64: 190000 | K64: 세종전자 | L64: 거래명세서 | N64: UNO2-PS-1AC-24DC-240W
F65: -
B66: SE0001 | C66: UPS | D66: SE0001-UPS02 | E66: 3kVA, 무정전 전원 공급, Rack type | F66: - | G66: 한국 | H66: 개 | I66: KRW | J66: 2840000 | K66: 기호티이에스 | L66: 거래명세서 | M66: 마린필터, network card, 케이블 포함 | N66: -
B67: SE0002 | C67: UPS | D67: SE0002-UPS03 | E67: 1.5kVA, 무정전 전원 공급, Rack type | F67: - | G67: 한국 | H67: 개 | I67: KRW | J67: 2110000 | K67: 기호티이에스 | L67: 거래명세서 | M67: 마린필터, network card, 케이블 포함 | N67: -
B68: SE0003 | C68: UPS | D68: SE0003-UPS01 | E68: 1kVA, 무정전 전원 공급, Stand type | F68: - | G68: 한국 | H68: 개 | I68: KRW | J68: 1325500 | K68: 기호티이에스 | L68: 거래명세서 | M68: 마린필터, network card, 케이블 포함 | N68: -
B69: SE0004 | C69: UPS | D69: SE0004-UPS04 | E69: 3kVA, 무정전 전원 공급, Stand type | F69: - | G69: 한국 | H69: 개 | I69: KRW | K69: 기호티이에스 | L69: 거래명세서 | M69: - | N69: -
B70: SE0005 | C70: UPS | D70: SE0005-UPS05 | E70: EATON 5P 850G | F70: - | G70: 한국 | H70: 개 | I70: KRW | J70: 510000 | K70: 기호티이에스 | L70: 거래명세서 | M70: - | N70: -
F71: -
B72: SZ0001 | C72: Junction Box | D72: SZ0001-PJB01 | E72: PoE Hub 용 | F72: - | G72: 한국 | H72: 개 | I72: KRW | J72: 505000 | K72: MRC | L72: 거래명세서 | M72: 명판 포함 | N72: -
B73: SZ0002 | C73: Junction Box | D73: SZ0002-LJB01 | E73: LRP Injector용 | F73: - | G73: 한국 | H73: 개 | I73: KRW | J73: 505000 | K73: MRC | L73: 거래명세서 | M73: 명판 포함 | N73: -
B74: SZ0003 | C74: Junction Box | D74: SZ0003-LJB02 | E74: 방폭형, LRP Extender용 | F74: - | G74: 한국 | H74: 개 | I74: KRW | J74: 1800000 | K74: MRC | L74: 거래명세서 | M74: - | N74: -
B75: SZ0004 | C75: AP | D75: SZ0004-WAP01 | E75: 무선 공유기 | F75: - | G75: 한국 | H75: 개 | I75: KRW | J75: 72000 | K75: 쿠팡 | L75: 거래명세서 | M75: - | N75: AX3000M
B76: SZ0005 | C76: keyboard & mouse | D76: SZ0005-KEM01 | E76: 입력기기 | F76: - | G76: 한국 | H76: 세트 | I76: KRW | J76: 50000 | K76: MRC | L76: 거래명세서 | M76: - | N76: MK270r
B77: SZ0006 | C77: Keyboard with trackball | D77: SZ0006-KEM02 | E77: 선급인증품 | F77: - | G77: 한국 | H77: 세트 | I77: KRW | J77: 1200000 | K77: 피앤피컴포넌츠 | L77: 거래명세서 | M77: panel mount / flush type | N77: RKTE85B2448-W-MC1
B78: SZ0007 | C78: Main rack | D78: SZ0007-MRA01 | E78: 서버/HUB 등 설치용 Rack | F78: - | G78: 한국 | H78: 개 | I78: KRW | J78: 3900000 | K78: MRC | L78: 거래명세서 | M78: - | N78: V2.0
B79: SZ0008 | C79: M12 connector | D79: SZ0008-ICB01 | E79: IP 카메라용 케이블 컨넥터 | F79: - | G79: 한국 | H79: 개 | I79: KRW | J79: 50000 | K79: 사이더스/e-con | L79: 거래명세서 | M79: - | N79: -
B80: SZ0009 | C80: Junction Box | D80: SZ0009-NJB02 | E80: 방폭형 | F80: - | G80: 한국 | H80: 개 | I80: KRW | J80: 1100000 | K80: 아르게스마린 | L80: 거래명세서 | M80: - | N80: -
B81: SZ0010 | C81: Junction Box | D81: SZ0010LJB03 | E81: LRP Extender용 | F81: - | G81: 한국 | H81: 개 | I81: KRW | J81: 505000 | K81: MRC | L81: 거래명세서 | M81: 명판 포함 | N81: -
B82: SZ0011 | C82: PCI card | D82: SZ0011-PCI01 | E82: 모니터 buzzer 소리 제어용 | F82: - | G82: 한국 | H82: 개 | I82: KRW | J82: 230000 | K82: 여의시스템 | L82: 거래명세서 | M82: - | N82: CP-132EL-I-DB9M
B83: SZ0012 | C83: SMPS | D83: SZ0012-PSU01 | E83: Single Board Computer 전원 공급 | F83: - | G83: 한국 | H83: 개 | I83: KRW | J83: 150000 | K83: 파워캅 | L83: 거래명세서 | M83: - | N83: UP300-F-12TUF
... B85: SZ0014 | C85: EMI/EMC filter | D85: SZ0014-EMI01 | E85: 정션박스 전자파 차폐용 | F85: - | G85: 한국 | H85: 개 | I85: KRW | J85: 77000 | K85: 오키 | L85: 거래명세서 | M85: - | N85: A2B2030-UB
B86: SZ0015 | C86: Hardwire Controller | D86: SZ0015-HCT01 | F86: - | G86: 한국 | H86: 개 | I86: KRW | J86: 280000 | K86: 어드밴텍 | L86: 거래명세서 | M86: - | N86: ADAM-6060-D1
B87: SZ0016 | C87: PoE Splitter | D87: SZ0016-PST01 | F87: - | G87: 한국 | H87: 개 | I87: KRW | J87: 195000 | K87: 제씨테크 | L87: 거래명세서 | M87: - | N87: -
B88: SZ0017 | C88: Junction Box | D88: SZ0017-PJB02 | E88: PoE Extender 용 | F88: - | G88: 한국 | H88: 개 | I88: KRW | J88: 505000 | K88: MRC | L88: 거래명세서 | M88: 명판 포함 | N88: -
B89: SZ0018 | C89: NMEA buffer | D89: SZ0018-DST01 | E89: Serial distributor | F89: - | G89: 한국 | H89: 개 | I89: KRW | J89: 190000 | K89: 지노스 | L89: 거래명세서 | M89: - | N89: ZNR-140
B90: SZ0019 | C90: 멀티탭 | D90: SZ0019-POT01 | E90: UPS용 | F90: - | G90: 한국 | H90: 개 | I90: KRW | J90: 10800 | K90: 쿠팡 | L90: 거래명세서 | M90: - | N90: -
B91: SZ0020 | C91: C13-C14(MALE) | D91: SZ0020-MSK01 | E91: UPS용 | F91: - | G91: 한국 | H91: 개 | I91: KRW | J91: 9900 | K91: 한주전자 | L91: 거래명세서 | M91: - | N91: -
B92: SZ0021 | C92: 24V SMPS | D92: SZ0021-PSU04 | E92: Network Switch, Serial to Ethernet용 | G92: 한국 | H92: 개 | I92: KRW | J92: 25000 | K92: 쿠팡 | L92: 거래명세서 | M92: - | N92: HDR-60-24
B93: SZ0022 | C93: Junction Box | D93: SZ0022-PJB02 | E93: Network POE switch 용 | F93: - | G93: 한국 | H93: 개 | I93: KRW | J93: 505000 | K93: MRC | L93: 거래명세서 | M93: 명판 포함 | N93: -
B94: SZ0023 | C94: Keyboard with trackball | D94: SZ0023-KEM03 | E94: 선급인증품 | F94: - | G94: 한국 | H94: 세트 | I94: KRW | J94: 1580000 | K94: 피앤피컴포넌츠 | L94: 거래명세서 | M94: Desk type | N94: RKTE85S2448-W-MC1

Sheet 완제품리스트
B1: 완제품리스트
B3: 구 분 | C3: 완제품 코드 | D3: 완제품 품명 | E3: 주요 사양 | F3: 세번부호 (HS No) | G3: 비 고(부연설명)
B4: 대형상선용 | C4: NS | D4: (NewBuilding) HiNAS Navigation
C5: ND | D5: (NewBuilding) HiNAS Navigation/DOM
C6: NB | D6: (NewBuilding) HiNAS Navigation/SVM
C7: MS | D7: (NewBuilding) HiNAS Control
C8: MD | D8: (NewBuilding) HiNAS Control/DOM
C9: MB | D9: (NewBuilding) HiNAS Control/SVM
C10: BS | D10: (NewBuilding) HiNAS SVM
C11: BD | D11: (NewBuilding) HiNAS SVM/DOM
C12: RNS | D12: (Retrofit) HiNAS Navigation
C13: RNB | D13: (Retrofit) HiNAS Navigation/SVM
C14: RMS | D14: (Retrofit) HiNAS Control
C15: RMB | D15: (Retrofit) HiNAS Control/SVM
C16: RBS | D16: (Retrofit) HiNAS SVM
B17: 레저보트용 | C17: NDB | D17: NeuBoat_DOCK Basic
C18: ND2 | D18: NeuBoat_DOCK 2
C19: CD1 | D19: CoPilot DOCK
C20: CA1 | D20: CoPilot AUTODOCK
C21: CC1 | D21: CoPilot CONTROL

Sheet Sheet2
